Identifier,Company Name
.ONEUSD,
ALL.AX,Aristocrat Leisure Ltd
ANZ.AX,Australia and New Zealand Banking Group Ltd
WBC.AX,Westpac Banking Corp
ORG.AX,Origin Energy Ltd
BXB.AX,Brambles Ltd
BHP.AX,BHP Group Ltd
ALD.AX,Ampol Ltd
CSL.AX,CSL Ltd
COH.AX,Cochlear Ltd
CBA.AX,Commonwealth Bank of Australia
CPU.AX,COMPUTERSHARE LIMITED
RIO.AX,Rio Tinto Ltd
GPT.AX,GPT Group
ORI.AX,Orica Ltd
LLC.AX,LendLease Group
SUN.AX,Suncorp Group Ltd
NAB.AX,National Australia Bank Ltd
NCM.AX,Newcrest Mining Ltd
QAN.AX,Qantas Airways Ltd
QBE.AX,QBE Insurance Group Ltd
REH.AX,Reece Ltd
STO.AX,Santos Ltd
SHL.AX,Sonic Healthcare Ltd
SOL.AX,Washington H Soul Pattinson and Company Ltd
SGP.AX,Stockland Corporation Ltd
TCL.AX,Transurban Group
WES.AX,Wesfarmers Ltd
WDS.AX,Woodside Energy Group Ltd
WOW.AX,Woolworths Group Ltd
OMVV.VI,OMV AG
VERB.VI,Verbund AG
VOES.VI,Voestalpine AG
ERST.VI,Erste Group Bank AG
UMI.BR,Umicore SA
IETB.BR,D'Ieteren Group NV
KBC.BR,Kbc Groep NV
SOF.BR,Sofina SA
SOLB.BR,Solvay SA
UCB.BR,Ucb SA
BBAS3.SA,Banco do Brasil SA
BBDC4.SA,Banco Bradesco SA
BBDC3.SA,Banco Bradesco SA
SBSP3.SA,Companhia de Saneamento Basico do Estado de Sao Paulo SABESP
CMIG4.SA,Energy of Minas Gerais Co
VALE3.SA,Vale SA
CSNA3.SA,Companhia Siderurgica Nacional SA
ELET3.SA,Brazilian Electric Power Co
ITSA4.SA,Itausa SA
ITUB4.SA,Itau Unibanco Holding SA
PETR3.SA,Petroleo Brasileiro SA Petrobras
PETR4.SA,Petroleo Brasileiro SA Petrobras
BSANTANDER.SN,Banco Santander-Chile
BCI.SN,Banco de Credito e Inversiones
CMPC.SN,Empresas CMPC SA
COPEC.SN,Empresas Copec SA
CCU.SN,Compania Cervecerias Unidas SA
VAPORES.SN,Compania Sud Americana de Vapores SA
ENELAM.SN,Enel Americas SA
SQMB.SN,Sociedad Quimica y Minera de Chile SA
FALABELLA.SN,Falabella SA
0358.HK,Jiangxi Copper Co Ltd
0177.HK,Jiangsu Expressway Co Ltd
1055.HK,China Southern Airlines Co Ltd
900932.SS,Shanghai Lujiazui Finance & Trade Zone Development Co Ltd
000002.SZ,China Vanke Co Ltd
900926.SS,Shanghai Baosight Software Co Ltd
0576.HK,Zhejiang Expressway Co Ltd
CEZP.PR,CEZ as
BKOM.PR,Komercni Banka as
CARLb.CO,Carlsberg A/S
COLOb.CO,Coloplast A/S
MAERSKb.CO,AP Moeller - Maersk A/S
MAERSKa.CO,AP Moeller - Maersk A/S
DSV.CO,DSV A/S
DEMANT.CO,Demant A/S
VWS.CO,Vestas Wind Systems A/S
COMI.CA,Commercial International Bank Egypt SAE
KESKOB.HE,Kesko Oyj
WRT1V.HE,Wartsila Oyj Abp
UPM.HE,UPM-Kymmene Oyj
STERV.HE,Stora Enso Oyj
SAMPO.HE,Sampo plc
NOKIA.HE,Nokia Oyj
AIRP.PA,L'Air Liquide Societe Anonyme pour l'Etude et l'Exploitation des Procedes Georges Claude SA
AXAF.PA,AXA SA
ACCP.PA,Accor SA
BOUY.PA,Bouygues SA
BNPP.PA,BNP Paribas SA
TCFP.PA,Thales SA
CAPP.PA,Capgemini SE
ESLX.PA,EssilorLuxottica SA
EURA.PA,Eurazeo SE
FOUG.PA,Eiffage SA
CVO.PA,Covivio SA
GFCP.PA,Gecina SA
LOIM.PA,Klepierre SA
OREP.PA,L'Oreal SA
LVMH.PA,LVMH Moet Hennessy Louis Vuitton SE
MWDP.PA,Wendel SE
BOLL.PA,Bollore SE
MICP.PA,Compagnie Generale des Etablissements Michelin SCA
PERP.PA,Pernod Ricard SA
PRTP.PA,Kering SA
PUBP.PA,Publicis Groupe SA
RENA.PA,Renault SA
RCOP.PA,Remy Cointreau SA
TEPRF.PA,Teleperformance SE
STDM.PA,Sartorius Stedim Biotech SA
SGOB.PA,Compagnie de Saint Gobain SA
STM.PA,STMicroelectronics NV
SEBF.PA,SEB SA
SOGN.PA,Societe Generale SA
SGEF.PA,Vinci SA
EXHO.PA,Sodexo SA
SCHN.PA,Schneider Electric SE
TTEF.PA,TotalEnergies SE
URW.AS,Unibail-Rodamco-Westfield SE
VLOF.PA,Valeo SE
UBIP.PA,Ubisoft Entertainment SA
ORAN.PA,Orange SA
HRMS.PA,Hermes International SCA
DAST.PA,Dassault Systemes SE
ALSO.PA,Alstom SA
ADSGn.DE,Adidas AG
CBKG.DE,Commerzbank AG
DBKGn.DE,Deutsche Bank AG
FREG.DE,Fresenius SE & Co KGaA
HNRGn.DE,Hannover Rueck SE
G1AG.DE,GEA Group AG
CONG.DE,Continental AG
PSHG_p.DE,Porsche Automobil Holding SE
MRCG.DE,Merck KGaA
SAPG.DE,SAP SE
EONGn.DE,E ON SE
HNKG.DE,Henkel AG & Co KGaA
PUMG.DE,Puma SE
BAYGn.DE,Bayer AG
HNKG_p.DE,Henkel AG & Co KGaA
BASFn.DE,BASF SE
BEIG.DE,Beiersdorf AG
DTEGn.DE,Deutsche Telekom AG
HEIG.DE,HeidelbergCement AG
FMEG.DE,Fresenius Medical Care AG & Co KGaA
QIA.DE,Qiagen NV
ALVG.DE,Allianz SE
LHAG.DE,Deutsche Lufthansa AG
MUVGn.DE,Muenchener Rueckversicherungs Gesellschaft in Muenchen AG
RHMG.DE,Rheinmetall AG
VOWG.DE,Volkswagen AG
VOWG_p.DE,Volkswagen AG
ACBr.AT,Alpha Services and Holdings SA
OTEr.AT,Hellenic Telecommunications Organization SA
GDRB.BU,Richter Gedeon Vegyeszeti Gyar Nyrt
OTPB.BU,OTP Bank Nyrt
MOLB.BU,MOL Magyar Olajes Gazipari Nyrt
0101.HK,Hang Lung Properties Ltd
0392.HK,Beijing Enterprises Holdings Ltd
0175.HK,Geely Automobile Holdings Ltd
0002.HK,CLP Holdings Ltd
1093.HK,CSPC Pharmaceutical Group Ltd
0688.HK,China Overseas Land & Investment Ltd
1109.HK,China Resources Land Ltd
0267.HK,CITIC Ltd
1038.HK,CK Infrastructure Holdings Ltd
0135.HK,Kunlun Energy Company Ltd
1199.HK,COSCO SHIPPING Ports Ltd
0123.HK,Yuexiu Property Co Ltd
0011.HK,Hang Seng Bank Ltd
0144.HK,China Merchants Port Holdings Co Ltd
0012.HK,Henderson Land Development Co Ltd
HKLD.SI,Hongkong Land Holdings Ltd
0006.HK,Power Assets Holdings Ltd
0152.HK,Shenzhen International Holdings Ltd
0003.HK,Hong Kong and China Gas Co Ltd
0384.HK,China Gas Holdings Ltd
0027.HK,Galaxy Entertainment Group Ltd
JARD.SI,Jardine Matheson Holdings Ltd
0148.HK,Kingboard Holdings Ltd
0992.HK,Lenovo Group Ltd
1193.HK,China Resources Gas Group Ltd
0257.HK,China Everbright Environment Group Ltd
0017.HK,New World Development Co Ltd
0316.HK,Orient Overseas (International) Ltd
0083.HK,Sino Land Co Ltd
0016.HK,Sun Hung Kai Properties Ltd
0019.HK,Swire Pacific Ltd
0669.HK,Techtronic Industries Co Ltd
0322.HK,Tingyi (Cayman Islands) Holding Corp
0168.HK,Tsingtao Brewery Co Ltd
0270.HK,Guangdong Investment Ltd
0371.HK,Beijing Enterprises Water Group Ltd
0570.HK,China Traditional Chinese Medicine Holdings Co Ltd
0291.HK,China Resources Beer Holdings Co Ltd
CPIN.JK,Charoen Pokphand Indonesia Tbk PT
ASII.JK,Astra International Tbk PT
BRPT.JK,Barito Pacific Tbk PT
BBNI.JK,Bank Negara Indonesia (Persero) Tbk PT
GGRM.JK,Gudang Garam Tbk PT
INDF.JK,Indofood Sukses Makmur Tbk PT
INKP.JK,Indah Kiat Pulp & Paper Tbk PT
UNVR.JK,Unilever Indonesia Tbk PT
SMGR.JK,Semen Indonesia (Persero) Tbk PT
TLKM.JK,Telkom Indonesia (Persero) Tbk PT
UNTR.JK,United Tractors Tbk PT
CRH.I,CRH PLC
KSP.I,Kingspan Group PLC
KYGa.I,Kerry Group PLC
POLI.TA,Bank Hapoalim BM
LUMI.TA,Bank Leumi Le Israel BM
BEZQ.TA,Bezeq Israeli Telecommunication Corp Ltd
ICL.TA,ICL Group Ltd
GASI.MI,Assicurazioni Generali SpA
ISP.MI,Intesa Sanpaolo SpA
CRDI.MI,UniCredit SpA
STLA.MI,Stellantis NV
ENI.MI,Eni SpA
MDBI.MI,Mediobanca Banca di Credito Finanziario SpA
RECI.MI,Recordati Industria Chimica e Farmaceutica SpA
7259.T,Aisin Corp
2802.T,Ajinomoto Co Inc
9202.T,ANA Holdings Inc
2502.T,Asahi Group Holdings Ltd
3407.T,Asahi Kasei Corp
5201.T,AGC Inc
5108.T,Bridgestone Corp
6448.T,Brother Industries Ltd
7751.T,Canon Inc
9697.T,Capcom Co Ltd
9022.T,Central Japan Railway Co
9502.T,Chubu Electric Power Co Inc
4519.T,Chugai Pharmaceutical Co Ltd
9433.T,KDDI Corp
6383.T,Daifuku Co Ltd
1878.T,Daito Trust Construction Co Ltd
6367.T,Daikin Industries Ltd
7912.T,Dai Nippon Printing Co Ltd
1925.T,Daiwa House Industry Co Ltd
8601.T,Daiwa Securities Group Inc
7532.T,Pan Pacific International Holdings Corp
6146.T,Disco Corp
9020.T,East Japan Railway Co
4523.T,Eisai Co Ltd
9684.T,Square Enix Holdings Co Ltd
9983.T,Fast Retailing Co Ltd
6504.T,Fuji Electric Co Ltd
7270.T,Subaru Corp
4901.T,Fujifilm Holdings Corp
6954.T,Fanuc Corp
6702.T,Fujitsu Ltd
6965.T,Hamamatsu Photonics KK
9042.T,Hankyu Hanshin Holdings Inc
9435.T,Hikari Tsushin Inc
6806.T,Hirose Electric Co Ltd
6501.T,Hitachi Ltd
6305.T,Hitachi Construction Machinery Co Ltd
7267.T,Honda Motor Co Ltd
7741.T,Hoya Corp
2593.T,Ito En Ltd
4062.T,Ibiden Co Ltd
7202.T,Isuzu Motors Ltd
8001.T,Itochu Corp
4185.T,JSR Corp
2914.T,Japan Tobacco Inc
8267.T,Aeon Co Ltd
1812.T,Kajima Corp
9503.T,Kansai Electric Power Co Inc
4452.T,Kao Corp
9008.T,Keio Corp
9009.T,Keisei Electric Railway Co Ltd
2801.T,Kikkoman Corp
6861.T,Keyence Corp
9041.T,Kintetsu Group Holdings Co Ltd
2503.T,Kirin Holdings Co Ltd
7276.T,Koito Manufacturing Co Ltd
6301.T,Komatsu Ltd
9766.T,Konami Group Corp
6326.T,Kubota Corp
6370.T,Kurita Water Industries Ltd
6971.T,Kyocera Corp
4151.T,Kyowa Kirin Co Ltd
6586.T,Makita Corp
8002.T,Marubeni Corp
6752.T,Panasonic Holdings Corp
9962.T,Misumi Group Inc
8802.T,Mitsubishi Estate Co Ltd
8058.T,Mitsubishi Corp
6503.T,Mitsubishi Electric Corp
7011.T,Mitsubishi Heavy Industries Ltd
8031.T,Mitsui & Co Ltd
4183.T,Mitsui Chemicals Inc
9104.T,Mitsui O.S.K. Lines Ltd
8801.T,Mitsui Fudosan Co Ltd
6981.T,Murata Manufacturing Co Ltd
5333.T,NGK Insulators Ltd
7974.T,Nintendo Co Ltd
6902.T,Denso Corp
6701.T,NEC Corp
4612.T,Nippon Paint Holdings Co Ltd
4091.T,Nippon Sanso Holdings Corp
4516.T,Nippon Shinyaku Co Ltd
6594.T,Nidec Corp
2002.T,Nisshin Seifun Group Inc
9432.T,Nippon Telegraph and Telephone Corp
4021.T,Nissan Chemical Corp
2897.T,Nissin Foods Holdings Co Ltd
6988.T,Nitto Denko Corp
9147.T,Nippon Express Holdings Inc
7951.T,Yamaha Corp
6479.T,Minebea Mitsumi Inc
5401.T,Nippon Steel Corp
7201.T,Nissan Motor Co Ltd
8604.T,Nomura Holdings Inc
9101.T,Nippon Yusen KK
9843.T,Nitori Holdings Co Ltd
9613.T,NTT Data Corp
4661.T,Oriental Land Co Ltd
9007.T,Odakyu Electric Railway Co Ltd
1802.T,Obayashi Corp
3861.T,Oji Holdings Corp
7733.T,Olympus Corp
6645.T,Omron Corp
4528.T,Ono Pharmaceutical Co Ltd
8591.T,ORIX Corp
9532.T,Osaka Gas Co Ltd
7752.T,Ricoh Co Ltd
6963.T,Rohm Co Ltd
6273.T,SMC Corp
9984.T,SoftBank Group Corp
9735.T,Secom Co Ltd
4204.T,Sekisui Chemical Co Ltd
1928.T,Sekisui House Ltd
6753.T,Sharp Corp
7701.T,Shimadzu Corp
1803.T,Shimizu Corp
4063.T,Shin-Etsu Chemical Co Ltd
4507.T,Shionogi & Co Ltd
7309.T,Shimano Inc
4911.T,Shiseido Co Ltd
3003.T,Hulic Co Ltd
5831.T,Shizuoka Financial Group Inc
6758.T,Sony Group Corp
9719.T,SCSK Corp
4005.T,Sumitomo Chemical Co Ltd
5802.T,Sumitomo Electric Industries Ltd
5713.T,Sumitomo Metal Mining Co Ltd
8830.T,Sumitomo Realty & Development Co Ltd
8053.T,Sumitomo Corp
7269.T,Suzuki Motor Corp
6762.T,TDK Corp
1801.T,Taisei Corp
8725.T,MS&AD Insurance Group Holdings Inc
4502.T,Takeda Pharmaceutical Co Ltd
6857.T,Advantest Corp
6869.T,Sysmex Corp
4543.T,Terumo Corp
9001.T,Tobu Railway Co Ltd
9602.T,Toho Co Ltd (Tokyo)
9501.T,Tokyo Electric Power Company Holdings Inc
9531.T,Tokyo Gas Co Ltd
8035.T,Tokyo Electron Ltd
9005.T,Tokyu Corp
7911.T,Toppan Inc
3402.T,Toray Industries Inc
6502.T,Toshiba Corp
5332.T,TOTO Ltd
5938.T,LIXIL Corp
4042.T,Tosoh Corp
7261.T,Mazda Motor Corp
6201.T,Toyota Industries Corp
8015.T,Toyota Tsusho Corp
7203.T,Toyota Motor Corp
8113.T,Unicharm Corp
9021.T,West Japan Railway Co
2267.T,Yakult Honsha Co Ltd
7272.T,Yamaha Motor Co Ltd
4503.T,Astellas Pharma Inc
6845.T,Azbil Corp
9064.T,Yamato Holdings Co Ltd
6506.T,Yaskawa Electric Corp
6841.T,Yokogawa Electric Corp
000810.KS,Samsung Fire & Marine Insurance Co Ltd
001040.KS,CJ Corp
006800.KS,Mirae Asset Securities Co Ltd
011200.KS,HMM Co Ltd
009830.KS,Hanwha Solutions Corp
011170.KS,Lotte Chemical Corp
008770.KS,Hotel Shilla Co Ltd
012330.KS,Hyundai Mobis Co Ltd
000660.KS,SK Hynix Inc
000720.KS,Hyundai Engineering & Construction Co Ltd
005380.KS,Hyundai Motor Co
010620.KS,Hyundai Mipo Dockyard Co Ltd
004020.KS,Hyundai Steel Co
000270.KS,Kia Corp
010130.KS,Korea Zinc Inc
015760.KS,Korea Electric Power Corp
005830.KS,DB Insurance Co Ltd
003490.KS,Korean Air Lines Co Ltd
000120.KS,CJ Logistics Corp
011780.KS,Kumho Petro Chemical Co Ltd
003550.KS,LG Corp
006360.KS,GS Engineering & Construction Corp
002790.KS,Amorepacific Group
005490.KS,Posco Holdings Inc
006400.KS,Samsung SDI Co Ltd
009150.KS,Samsung Electro-Mechanics Co Ltd
005930.KS,Samsung Electronics Co Ltd
010140.KS,Samsung Heavy Industries Co Ltd
005935.KS,Samsung Electronics Co Ltd
010950.KS,S-Oil Corp
WALMEX.MX,Wal Mart de Mexico SAB de CV
KOFUBL.MX,Coca-Cola Femsa SAB de CV
FEMSAUBD.MX,Fomento Economico Mexicano SAB de CV
TLEVISACPO.MX,Grupo Televisa SAB
GFINBURO.MX,Grupo Financiero Inbursa SAB de CV
BIMBOA.MX,Grupo Bimbo SAB de CV
GRUMAB.MX,Gruma SAB de CV
GCARSOA1.MX,Grupo Carso SAB de CV
PEOLES.MX,Industrias Penoles SAB de CV
KIMBERA.MX,Kimberly-Clark de Mexico SAB de CV
CIMB.KL,CIMB Group Holdings Bhd
DIAL.KL,Dialog Group Bhd
GENT.KL,Genting Bhd
HLCB.KL,Hong Leong Financial Group Bhd
HLBB.KL,Hong Leong Bank Bhd
KLKK.KL,Kuala Lumpur Kepong Bhd
MBBM.KL,Malayan Banking Bhd
MISC.KL,Misc Bhd
PEPT.KL,PPB Group Bhd
PMET.KL,Press Metal Aluminium Holdings Bhd
PGAS.KL,Petronas Gas Bhd
PUBM.KL,Public Bank Bhd
GENM.KL,Genting Malaysia Bhd
TLMM.KL,Telekom Malaysia Bhd
TENA.KL,Tenaga Nasional Bhd
DSMN.AS,Koninklijke DSM NV
WLSNc.AS,Wolters Kluwer NV
ASMI.AS,ASM International NV
RAND.AS,Randstad NV
AD.AS,Koninklijke Ahold Delhaize NV
HEIN.AS,Heineken NV
HEIO.AS,Heineken Holding NV
AKZO.AS,Akzo Nobel NV
ASML.AS,ASML Holding NV
AEGN.AS,Aegon NV
FPH.NZ,Fisher & Paykel Healthcare Corporation Ltd
SPK.NZ,Spark New Zealand Ltd
DNB.OL,DNB Bank ASA
NHY.OL,Norsk Hydro ASA
KOG.OL,Kongsberg Gruppen ASA
MOWI.OL,Mowi ASA
ORK.OL,Orkla ASA
ALI.PS,Ayala Land Inc
AEV.PS,Aboitiz Equity Ventures Inc
BPI.PS,Bank of the Philippine Islands
AC.PS,Ayala Corp
JGS.PS,JG Summit Holdings Inc
JFC.PS,Jollibee Foods Corp
MBT.PS,Metropolitan Bank and Trust Co
TEL.PS,PLDT Inc
SMPH.PS,SM Prime Holdings Inc
ACEN.PS,Acen Corp
KGH.WA,KGHM Polska Miedz SA
JMT.LS,Jeronimo Martins SGPS SA
EDP.LS,EDP Energias de Portugal SA
SBER.MM,Sberbank Rossii PAO
ANGJ.J,AngloGold Ashanti Ltd
GFIJ.J,Gold Fields Ltd
NPHJ.J,Northam Platinum Holdings Ltd
TFGJ.J,Foschini Group Ltd
GRTJ.J,Growthpoint Properties Ltd
HARJ.J,Harmony Gold Mining Company Ltd
IMPJ.J,Impala Platinum Holdings Ltd
MTNJ.J,MTN Group Ltd
FSRJ.J,FirstRand Ltd
NPNJn.J,Naspers Ltd
NEDJ.J,Nedbank Group Ltd
AMSJ.J,Anglo American Platinum Ltd
SOLJ.J,Sasol Ltd
SHPJ.J,Shoprite Holdings Ltd
MRPJ.J,Mr Price Group Ltd
ABGJ.J,Absa Group Ltd
STEG.SI,Singapore Technologies Engineering Ltd
CTDM.SI,City Developments Ltd
JCYC.SI,Jardine Cycle & Carriage Ltd
GENS.SI,Genting Singapore Ltd
KPLM.SI,Keppel Corporation Ltd
OCBC.SI,Oversea-Chinese Banking Corporation Ltd
STEL.SI,Singapore Telecommunications Ltd
SIAL.SI,Singapore Airlines Ltd
UOBH.SI,United Overseas Bank Ltd
UTOS.SI,UOL Group Ltd
VENM.SI,Venture Corporation Ltd
ANA.MC,Acciona SA
IBE.MC,Iberdrola SA
REP.MC,Repsol SA
TEF.MC,Telefonica SA
ELE.MC,Endesa SA
NTGY.MC,Naturgy Energy Group SA
ACS.MC,ACS Actividades de Construccion y Servicios SA
BBVA.MC,Banco Bilbao Vizcaya Argentaria SA
ATCOa.ST,Atlas Copco AB
ATCOb.ST,Atlas Copco AB
HEXAb.ST,Hexagon AB
ERICb.ST,Telefonaktiebolaget LM Ericsson
GETIb.ST,Getinge AB
LATOb.ST,Investment AB Latour
LUNDb.ST,L E Lundbergforetagen AB (publ)
SKFb.ST,SKF AB
SEBa.ST,Skandinaviska Enskilda Banken AB
SKAb.ST,Skanska AB
SWEDa.ST,Swedbank AB
SCAb.ST,Svenska Cellulosa SCA AB
VOLVb.ST,Volvo AB
HOLMb.ST,Holmen AB
TEL2b.ST,Tele2 AB
SECUb.ST,Securitas AB
HMb.ST,H & M Hennes & Mauritz AB
NDASE.ST,Nordea Bank Abp
INDUa.ST,Industrivarden AB
INDUc.ST,Industrivarden AB
ELUXb.ST,Electrolux AB
CSGN.S,Credit Suisse Group AG
EMSN.S,Ems Chemie Holding AG
HOLN.S,Holcim AG
KNIN.S,Kuehne und Nagel International AG
LISP.S,Chocoladefabriken Lindt & Spruengli AG
LISN.S,Chocoladefabriken Lindt & Spruengli AG
LOGN.S,Logitech International SA
NESN.S,Nestle SA
SOON.S,Sonova Holding AG
UHR.S,Swatch Group AG
SCHN.S,Schindler Holding AG
SCHP.S,Schindler Holding AG
SIKA.S,Sika AG
SGSN.S,SGS SA
BALN.S,Baloise Holding AG
CLN.S,Clariant AG
2357.TW,Asustek Computer Inc
1102.TW,Asia Cement Corp
2801.TW,Chang Hwa Commercial Bank Ltd
2610.TW,China Airlines Ltd
2002.TW,China Steel Corp
2308.TW,Delta Electronics Inc
2603.TW,Evergreen Marine Corp Taiwan Ltd
9910.TW,Feng Tay Enterprises Co Ltd
1301.TW,Formosa Plastics Corp
1326.TW,Formosa Chemicals & Fibre Corp
2317.TW,Hon Hai Precision Industry Co Ltd
1303.TW,Nan Ya Plastics Corp
1216.TW,Uni-President Enterprises Corp
9945.TW,Ruentex Development Co Ltd
1101.TW,Taiwan Cement Corp
2330.TW,Taiwan Semiconductor Manufacturing Co Ltd
2303.TW,United Microelectronics Corp
1605.TW,Walsin Lihwa Corp
2609.TW,Yang Ming Marine Transport Corp
AKBNK.IS,Akbank TAS
EREGL.IS,Eregli Demir ve Celik Fabrikalari TAS
THYAO.IS,Turk Hava Yollari AO
HEKTS.IS,Hektas Ticaret TAS
SISE.IS,Turkiye Sise ve Cam Fabrikalari AS
ANTO.L,Antofagasta PLC
AHT.L,Ashtead Group PLC
SVT.L,Severn Trent PLC
BARC.L,Barclays PLC
BDEV.L,Barratt Developments P L C
BLND.L,British Land Company PLC
BP.L,BP PLC
BNZL.L,Bunzl plc
AVV.L,AVEVA Group PLC
AV.L,Aviva PLC
CRDA.L,Croda International PLC
DCC.L,DCC PLC
BAES.L,BAE Systems PLC
ABF.L,Associated British Foods PLC
EXPN.L,Experian PLC
DGE.L,Diageo PLC
HLMA.L,Halma PLC
NXT.L,Next PLC
IMB.L,Imperial Brands PLC
JMAT.L,Johnson Matthey PLC
JD.L,JD Sports Fashion PLC
LGEN.L,Legal & General Group PLC
UU.L,United Utilities Group PLC
PSON.L,Pearson PLC
PSN.L,Persimmon PLC
PRU.L,Prudential PLC
RIO.L,Rio Tinto PLC
VOD.L,Vodafone Group PLC
RKT.L,Reckitt Benckiser Group PLC
REL.L,Relx PLC
RTO.L,Rentokil Initial PLC
NWG.L,Natwest Group PLC
SJP.L,St James's Place PLC
SBRY.L,J Sainsbury PLC
SDR.L,Schroders PLC
SSE.L,SSE PLC
SGE.L,Sage Group PLC
SGRO.L,SEGRO PLC
SN.L,Smith & Nephew PLC
SMIN.L,Smiths Group PLC
SPX.L,Spirax-Sarco Engineering PLC
STAN.L,Standard Chartered PLC
LLOY.L,Lloyds Banking Group PLC
TW.L,Taylor Wimpey PLC
TSCO.L,Tesco PLC
III.L,3i Group PLC
WPP.L,WPP PLC
FERG.L,Ferguson PLC
AZN.L,AstraZeneca PLC
AFL.N,Aflac Inc
AES.N,AES Corp
ABT.N,Abbott Laboratories
ABMD.OQ,ABIOMED Inc
ATVI.OQ,Activision Blizzard Inc
ADBE.OQ,Adobe Inc
AMD.OQ,Advanced Micro Devices Inc
APD.N,Air Products and Chemicals Inc
ALB.N,Albemarle Corp
HON.OQ,Honeywell International Inc
ALL.N,Allstate Corp
HWM.N,Howmet Aerospace Inc
HES.N,Hess Corp
AEE.N,Ameren Corp
AEP.OQ,American Electric Power Company Inc
AXP.N,American Express Co
AFG.N,American Financial Group Inc
AIG.N,American International Group Inc
ABC.N,Amerisourcebergen Corp
AME.N,AMETEK Inc
AMGN.OQ,Amgen Inc
APH.N,Amphenol Corp
ADI.OQ,Analog Devices Inc
AON.N,Aon PLC
APA.OQ,APA Corp (US)
AAPL.OQ,Apple Inc
AMAT.OQ,Applied Materials Inc
ADM.N,Archer-Daniels-Midland Co
ARW.N,Arrow Electronics Inc
ATO.N,Atmos Energy Corp
ADSK.OQ,Autodesk Inc
ADP.OQ,Automatic Data Processing Inc
AZO.N,Autozone Inc
AVB.N,Avalonbay Communities Inc
AVY.N,Avery Dennison Corp
TFC.N,Truist Financial Corp
BKR.OQ,Baker Hughes Co
BALL.N,Ball Corp
BAX.N,Baxter International Inc
BDX.N,Becton Dickinson and Co
VZ.N,Verizon Communications Inc
WRB.N,W R Berkley Corp
BRKb.N,Berkshire Hathaway Inc
BBY.N,Best Buy Co Inc
BIO.N,Bio Rad Laboratories Inc
BA.N,Boeing Co
BWA.N,Borgwarner Inc
BSX.N,Boston Scientific Corp
BMY.N,Bristol-Myers Squibb Co
BFb.N,Brown-Forman Corp
SIRI.OQ,Sirius XM Holdings Inc
CI.N,Cigna Corp
CMS.N,CMS Energy Corp
CSX.OQ,CSX Corp
CVS.N,CVS Health Corp
CTRA.N,Coterra Energy Inc
CDNS.OQ,Cadence Design Systems Inc
CPT.N,Camden Property Trust
CPB.N,Campbell Soup Co
STZ.N,Constellation Brands Inc
COF.N,Capital One Financial Corp
CAH.N,Cardinal Health Inc
CSL.N,Carlisle Companies Inc
CCL.N,Carnival Corp
CAT.N,Caterpillar Inc
JPM.N,JPMorgan Chase & Co
CVX.N,Chevron Corp
CHD.N,Church & Dwight Co Inc
CINF.OQ,Cincinnati Financial Corp
CSCO.OQ,Cisco Systems Inc
CTAS.OQ,Cintas Corp
CLF.N,Cleveland-Cliffs Inc
CLX.N,Clorox Co
KO.N,Coca-Cola Co
CCEP.OQ,Coca-Cola Europacific Partners PLC
CGNX.OQ,Cognex Corp
CL.N,Colgate-Palmolive Co
CAG.N,Conagra Brands Inc
ED.N,Consolidated Edison Inc
COO.N,Cooper Companies Inc
TAP.N,Molson Coors Beverage Co
CPRT.OQ,Copart Inc
GLW.N,Corning Inc
WOLF.N,Wolfspeed Inc
CCK.N,Crown Holdings Inc
CMI.N,Cummins Inc
DHI.N,D R Horton Inc
DTE.N,DTE Energy Co
DHR.N,Danaher Corp
DRI.N,Darden Restaurants Inc
DAR.N,Darling Ingredients Inc
TGT.N,Target Corp
DE.N,Deere & Co
XRAY.OQ,DENTSPLY SIRONA Inc
DIS.N,Walt Disney Co
DLTR.OQ,Dollar Tree Inc
D.N,Dominion Energy Inc
DOV.N,Dover Corp
DUK.N,Duke Energy Corp
EMN.N,Eastman Chemical Co
ETN.N,Eaton Corporation PLC
ECL.N,Ecolab Inc
EIX.N,Edison International
EA.OQ,Electronic Arts Inc
EMR.N,Emerson Electric Co
EOG.N,EOG Resources Inc
ETR.N,Entergy Corp
EFX.N,Equifax Inc
EQT.N,EQT Corp
EQR.N,Equity Residential
ERIE.OQ,Erie Indemnity Co
RE.N,Everest Re Group Ltd
EXPD.OQ,Expeditors International of Washington Inc
XOM.N,Exxon Mobil Corp
FMC.N,FMC Corp
NEE.N,Nextera Energy Inc
FICO.N,Fair Isaac Corp
FAST.OQ,Fastenal Co
FDX.N,FedEx Corp
FITB.OQ,Fifth Third Bancorp
FCNCA.OQ,First Citizens BancShares Inc (Delaware)
FHN.N,First Horizon Corp
FISV.OQ,Fiserv Inc
FE.N,FirstEnergy Corp
BEN.N,Franklin Resources Inc
FCX.N,Freeport-McMoRan Inc
AJG.N,Arthur J. Gallagher & Co.
IT.N,Gartner Inc
GD.N,General Dynamics Corp
GE.N,General Electric Co
GIS.N,General Mills Inc
GPC.N,Genuine Parts Co
GILD.OQ,Gilead Sciences Inc
GWW.N,WW Grainger Inc
HAL.N,Halliburton Co
LHX.N,L3harris Technologies Inc
HIG.N,Hartford Financial Services Group Inc
HAS.OQ,Hasbro Inc
PEAK.N,Healthpeak Properties Inc
WELL.N,Welltower Inc
JKHY.OQ,Jack Henry & Associates Inc
HSY.N,Hershey Co
HPQ.N,HP Inc
DINO.N,HF Sinclair Corp
HOLX.OQ,Hologic Inc
HD.N,Home Depot Inc
HRL.N,Hormel Foods Corp
HST.OQ,Host Hotels & Resorts Inc
HUBB.N,Hubbell Inc
HUM.N,Humana Inc
JBHT.OQ,J B Hunt Transport Services Inc
HBAN.OQ,Huntington Bancshares Inc
BIIB.OQ,Biogen Inc
MOS.N,Mosaic Co
IEX.N,IDEX Corp
IDXX.OQ,IDEXX Laboratories Inc
ITW.N,Illinois Tool Works Inc
INCY.OQ,Incyte Corp
TT.N,Trane Technologies PLC
INTC.OQ,Intel Corp
IBM.N,International Business Machines Corp
IFF.N,International Flavors & Fragrances Inc
IP.N,International Paper Co
IPG.N,Interpublic Group of Companies Inc
INTU.OQ,Intuit Inc
J.N,Jacobs Solutions Inc
JNJ.N,Johnson & Johnson
KLAC.OQ,KLA Corp
K.N,Kellogg Co
KEY.N,KeyCorp
KMB.N,Kimberly-Clark Corp
KIM.N,Kimco Realty Corp
KR.N,Kroger Co
LH.N,Laboratory Corporation of America Holdings
LRCX.OQ,Lam Research Corp
EL.N,Estee Lauder Companies Inc
LEN.N,Lennar Corp
LLY.N,Eli Lilly and Co
BBWI.N,Bath & Body Works Inc
LNC.N,Lincoln National Corp
LMT.N,Lockheed Martin Corp
L.N,Loews Corp
LOW.N,Lowe's Companies Inc
MTB.N,M&T Bank Corp
MGM.N,MGM Resorts International
ELS.N,Equity LifeStyle Properties Inc
MKL.N,Markel Corp
MMC.N,Marsh & McLennan Companies Inc
MAR.OQ,Marriott International Inc
MLM.N,Martin Marietta Materials Inc
MAS.N,Masco Corp
MKC.N,McCormick & Company Inc
MCD.N,McDonald's Corp
SPGI.N,S&P Global Inc
MCK.N,Mckesson Corp
MDT.N,Medtronic PLC
BK.N,Bank of New York Mellon Corp
MSFT.OQ,Microsoft Corp
MCHP.OQ,Microchip Technology Inc
MU.OQ,Micron Technology Inc
MAA.N,Mid-America Apartment Communities Inc
MMM.N,3M Co
MHK.N,Mohawk Industries Inc
MS.N,Morgan Stanley
MSI.N,Motorola Solutions Inc
VTRS.OQ,Viatris Inc
NVR.N,NVR Inc
NTAP.OQ,NetApp Inc
NBIX.OQ,Neurocrine Biosciences Inc
NEM.N,Newmont Corporation
NKE.N,Nike Inc
NDSN.OQ,Nordson Corp
NSC.N,Norfolk Southern Corp
ES.N,Eversource Energy
XEL.OQ,Xcel Energy Inc
NTRS.OQ,Northern Trust Corp
NOC.N,Northrop Grumman Corp
WFC.N,Wells Fargo & Co
NUE.N,Nucor Corp
OXY.N,Occidental Petroleum Corp
ODFL.OQ,Old Dominion Freight Line Inc
OMC.N,Omnicom Group Inc
OKE.N,ONEOK Inc
ORCL.N,Oracle Corp
ORLY.OQ,O'Reilly Automotive Inc
EXC.OQ,Exelon Corp
PCG.N,PG&E Corp
PNC.N,PNC Financial Services Group Inc
PPL.N,PPL Corp
PPG.N,PPG Industries Inc
PCAR.OQ,Paccar Inc
PTC.OQ,PTC Inc
PH.N,Parker-Hannifin Corp
PAYX.OQ,Paychex Inc
PNR.N,Pentair PLC
PEP.OQ,PepsiCo Inc
PFE.N,Pfizer Inc
WTRG.N,Essential Utilities Inc
MO.N,Altria Group Inc
COP.N,Conocophillips
PXD.N,Pioneer Natural Resources Co
TROW.OQ,T Rowe Price Group Inc
PG.N,Procter & Gamble Co
PGR.N,Progressive Corp
PEG.N,Public Service Enterprise Group Inc
PSA.N,Public Storage
PHM.N,Pultegroup Inc
QCOM.OQ,Qualcomm Inc
PWR.N,Quanta Services Inc
RPM.N,RPM International Inc
RJF.N,Raymond James Financial Inc
O.N,Realty Income Corp
REGN.OQ,Regeneron Pharmaceuticals Inc
REG.OQ,Regency Centers Corp
RGEN.OQ,Repligen Corp
RMD.N,Resmed Inc
ACGL.OQ,Arch Capital Group Ltd
RHI.N,Robert Half International Inc
ROK.N,Rockwell Automation Inc
ROL.N,Rollins Inc
ROP.N,Roper Technologies Inc
ROST.OQ,Ross Stores Inc
T.N,AT&T Inc
SEIC.OQ,SEI Investments Co
TRV.N,Travelers Companies Inc
HSIC.OQ,Henry Schein Inc
SLB.N,Schlumberger NV
SCHW.N,Charles Schwab Corp
SEE.N,Sealed Air Corp
SRE.N,Sempra Energy
SHW.N,Sherwin-Williams Co
SIVB.OQ,SVB Financial Group
SPG.N,Simon Property Group Inc
AOS.N,A O Smith Corp
SNA.N,Snap-On Inc
SO.N,Southern Co
LUV.N,Southwest Airlines Co
SWK.N,Stanley Black & Decker Inc
USB.N,US Bancorp
SBUX.OQ,Starbucks Corp
STT.N,State Street Corp
SYK.N,Stryker Corp
SUI.N,Sun Communities Inc
GEN.OQ,Gen Digital Inc
SNPS.OQ,Synopsys Inc
SYY.N,Sysco Corp
TJX.N,TJX Companies Inc
TECH.OQ,Bio-Techne Corp
TFX.N,Teleflex Inc
TER.OQ,Teradyne Inc
TEVA.N,Teva Pharmaceutical Industries Ltd
TXN.OQ,Texas Instruments Inc
TXT.N,Textron Inc
TMO.N,Thermo Fisher Scientific Inc
GL.N,Globe Life Inc
DVA.N,DaVita Inc
TSCO.OQ,Tractor Supply Co
C.N,Citigroup Inc
YUM.N,Yum! Brands Inc
TRMB.OQ,Trimble Inc
TSN.N,Tyson Foods Inc
UGI.N,UGI Corp
MRO.N,Marathon Oil Corp
WM.N,Waste Management Inc
UNP.N,Union Pacific Corp
UDR.N,UDR Inc
UNH.N,UnitedHealth Group Inc
RTX.N,Raytheon Technologies Corp
UHS.N,Universal Health Services Inc
VFC.N,VF Corp
MTN.N,Vail Resorts Inc
VLO.N,Valero Energy Corp
VTR.N,Ventas Inc
VRSN.OQ,Verisign Inc
VRTX.OQ,Vertex Pharmaceuticals Inc
VMC.N,Vulcan Materials Co
WMT.N,Walmart Inc
WBA.OQ,Walgreens Boots Alliance Inc
WAT.N,Waters Corp
WBS.N,Webster Financial Corp
WDC.OQ,Western Digital Corp
EVRG.N,Evergy Inc
WAB.N,Westinghouse Air Brake Technologies Corp
WY.N,Weyerhaeuser Co
WHR.N,Whirlpool Corp
WMB.N,Williams Companies Inc
WEC.N,WEC Energy Group Inc
ZBRA.OQ,Zebra Technologies Corp
CB.N,Chubb Ltd
BAP.N,Credicorp Ltd
JCI.N,Johnson Controls International PLC
RCL.N,Royal Caribbean Cruises Ltd
EGIE3.SA,Engie Brasil Energia SA
TIMS3.SA,Tim SA
VIVT3.SA,Telefonica Brasil SA
0241.HK,Alibaba Health Information Technology Ltd
011790.KS,SKC Co Ltd
STMN.S,Straumann Holding AG
BARN.S,Barry Callebaut AG
KGF.L,Kingfisher PLC
BATS.L,British American Tobacco PLC
AMT.N,American Tower Corp
MCO.N,Moody's Corp
DGX.N,Quest Diagnostics Inc
STLD.OQ,Steel Dynamics Inc
NIBEb.ST,Nibe Industrier AB
BANB.S,Bachem Holding AG
ULVR.L,Unilever PLC
HSBA.L,HSBC Holdings PLC
TLS.AX,Telstra Group Ltd
MBGn.DE,Mercedes Benz Group AG
4684.T,Obic Co Ltd
SBKJ.J,Standard Bank Group Ltd
SCMN.S,Swisscom AG
INF.L,Informa PLC
SCCO.N,Southern Copper Corp
FDS.N,Factset Research Systems Inc
PLD.N,Prologis Inc
URI.N,United Rentals Inc
T.TO,Telus Corp
CNP.N,CenterPoint Energy Inc
PEO.WA,Bank Polska Kasa Opieki SA
CARR.PA,Carrefour SA
ANTM.JK,Aneka Tambang Tbk PT
NWL.OQ,Newell Brands Inc
BXP.N,Boston Properties Inc
ESS.N,Essex Property Trust Inc
ARE.N,Alexandria Real Estate Equities Inc
CHRW.OQ,CH Robinson Worldwide Inc
DISH.OQ,DISH Network Corp
HEI.N,HEICO Corp
MTD.N,Mettler-Toledo International Inc
IRM.N,Iron Mountain Inc
WST.N,West Pharmaceutical Services Inc
NI.N,NiSource Inc
SWKS.OQ,Skyworks Solutions Inc
BAC.N,Bank of America Corp
AMZN.OQ,Amazon.com Inc
BRO.N,Brown & Brown Inc
AAL.L,Anglo American PLC
SASY.PA,Sanofi SA
ADEN.S,Adecco Group AG
INVEb.ST,Investor AB
SHBa.ST,Svenska Handelsbanken AB
LNT.OQ,Alliant Energy Corp
LUMN.N,Lumen Technologies Inc
TYL.N,Tyler Technologies Inc
GFNORTEO.MX,Grupo Financiero Banorte SAB de CV
SAN.MC,Banco Santander SA
WHLJ.J,Woolworths Holdings Ltd
2344.TW,Winbond Electronics Corp
FORTUM.HE,Fortum Oyj
2382.TW,Quanta Computer Inc
ASSAb.ST,Assa Abloy AB
CTSH.OQ,Cognizant Technology Solutions Corp
CCI.N,Crown Castle Inc
EBAY.OQ,eBay Inc
GS.N,Goldman Sachs Group Inc
NVDA.OQ,NVIDIA Corp
BKNG.OQ,Booking Holdings Inc
RSG.N,Republic Services Inc
POOL.OQ,Pool Corp
1171.HK,Yankuang Energy Group Co Ltd
ASX.AX,ASX Ltd
MGR.AX,Mirvac Group
SAF.PA,Safran SA
BIRG.I,Bank of Ireland Group PLC
2912.TW,President Chain Store Corp
SIEGn.DE,Siemens AG
BMWG.DE,Bayerische Motoren Werke AG
BMWG_p.DE,Bayerische Motoren Werke AG
CSGP.OQ,CoStar Group Inc
COST.OQ,Costco Wholesale Corp
DVN.N,Devon Energy Corp
EURBr.AT,Eurobank Ergasias Services and Holdings SA
KLBF.JK,Kalbe Farma Tbk PT
CEMEXCPO.MX,Cemex SAB de CV
DBSM.SI,DBS Group Holdings Ltd
ESLT.TA,Elbit Systems Ltd
CHKP.OQ,Check Point Software Technologies Ltd
PKI.N,PerkinElmer Inc
BALDb.ST,Fastighets AB Balder
TTWO.OQ,Take-Two Interactive Software Inc
AKAM.OQ,Akamai Technologies Inc
1044.HK,Hengan International Group Company Ltd
BVN.N,Compania de Minas Buenaventura SAA
LONN.S,Lonza Group AG
ENEI.MI,Enel SpA
TDY.N,Teledyne Technologies Inc
UTDI.DE,United Internet AG
NEKG.DE,Nemetschek SE
PKN.WA,Polski Koncern Naftowy Orlen SA
4739.T,Itochu Techno-Solutions Corp
UPS.N,United Parcel Service Inc
JNPR.N,Juniper Networks Inc
LII.N,Lennox International Inc
ELISA.HE,Elisa Oyj
GEBN.S,Geberit AG
4967.T,Kobayashi Pharmaceutical Co Ltd
REDE.MC,Red Electrica Corporacion SA
WPC.N,WP Carey Inc
HEIa.N,HEICO Corp
NLY.N,Annaly Capital Management Inc
GGBR4.SA,Gerdau SA
ASELS.IS,Aselsan Elektronik Sanayi ve Ticaret AS
TUPRS.IS,Turkiye Petrol Rafinerileri AS
DSOM.KL,Digi.Com Bhd
4716.T,Oracle Corp Japan
AFXG.DE,Carl Zeiss Meditec AG
BC8G.DE,Bechtle AG
EW.N,Edwards Lifesciences Corp
MAHB.KL,Malaysia Airports Holdings Bhd
KINVb.ST,Kinnevik AB
SAND.ST,Sandvik AB
A.N,Agilent Technologies Inc
DANO.PA,Danone SA
KPN.AS,Koninklijke KPN NV
0857.HK,PetroChina Co Ltd
IFXGn.DE,Infineon Technologies AG
4704.T,Trend Micro Inc
GIVN.S,Givaudan SA
TELIA.ST,Telia Company AB
AIA.NZ,Auckland International Airport Ltd
0902.HK,Huaneng Power International Inc
BMRN.OQ,Biomarin Pharmaceutical Inc
BLK.N,BlackRock Inc
FFIV.OQ,F5 Inc
MET.N,MetLife Inc
PKG.N,Packaging Corp of America
PLUG.OQ,Plug Power Inc
SBAC.OQ,SBA Communications Corp
ON.OQ,ON Semiconductor Corp
TCELL.IS,Turkcell Iletisim Hizmetleri AS
AIR.PA,Airbus SE
4768.T,Otsuka Corp
PHG.AS,Koninklijke Philips NV
F.N,Ford Motor Co
ABEV3.SA,Ambev SA
WIPR.NS,Wipro Ltd
RELI.NS,Reliance Industries Ltd
DANSKE.CO,Danske Bank A/S
GMAB.CO,Genmab A/S
ZURN.S,Zurich Insurance Group AG
IAG.AX,Insurance Australia Group Ltd
GMEXICOB.MX,Grupo Mexico SAB de CV
REMJ.J,Remgro Ltd
APA.AX,APA Group
035720.KS,Kakao Corp
0694.HK,Beijing Capital International Airport Co Ltd
009540.KS,Korea Shipbuilding & Offshore Engineering Co Ltd
NZYMb.CO,Novozymes A/S
RWEG.DE,RWE AG
4922.T,Kose Corp
DSCT.TA,Israel Discount Bank Ltd
NICE.TA,Nice Ltd
033780.KS,KT&G Corp
5347.TWO,Vanguard International Semiconductor Corp
VIE.PA,Veolia Environnement SA
GSK.L,GSK plc
4732.T,USS Co Ltd
2327.TW,Yageo Corp
SGREN.MC,Siemens Gamesa Renewable Energy SA
VIV.PA,Vivendi SE
ABI.BR,Anheuser-Busch Inbev SA
TEL.OL,Telenor ASA
EUFI.PA,Eurofins Scientific SE
IAG.TO,iA Financial Corporation Inc
RHC.AX,Ramsay Health Care Ltd
GPN.N,Global Payments Inc
CPG.L,Compass Group PLC
WTB.L,Whitbread PLC
AMXL.MX,America Movil SAB de CV
4689.T,Z Holdings Corp
4755.T,Rakuten Group Inc
4751.T,CyberAgent Inc
0386.HK,China Petroleum & Chemical Corp
BPCL.NS,Bharat Petroleum Corporation Ltd
CIPL.NS,Cipla Ltd
REDY.NS,Dr Reddy's Laboratories Ltd
CLSJ.J,Clicks Group Ltd
DPWGn.DE,Deutsche Post AG
NOVOb.CO,Novo Nordisk A/S
8306.T,Mitsubishi UFJ Financial Group Inc
GBLB.BR,Groep Brussel Lambert NV
051910.KS,LG Chem Ltd
051900.KS,LG H&H Co Ltd
ABBN.S,Abb Ltd
NOVN.S,Novartis AG
RO.S,Roche Holding AG
ROG.S,Roche Holding AG
0066.HK,MTR Corp Ltd
ALGN.OQ,Align Technology Inc
ANSS.OQ,ANSYS Inc
CRL.N,Charles River Laboratories International Inc
KMX.N,Carmax Inc
ENTG.OQ,Entegris Inc
EXAS.OQ,Exact Sciences Corp
ILMN.OQ,Illumina Inc
ISRG.OQ,Intuitive Surgical Inc
SGEN.OQ,Seagen Inc
ITX.MC,Industria de Diseno Textil SA
DB1Gn.DE,Deutsche Boerse AG
0388.HK,Hong Kong Exchanges and Clearing Ltd
MZTF.TA,Mizrahi Tefahot Bank Ltd
SGXL.SI,Singapore Exchange Ltd
OMUJ.J,Old Mutual Ltd
036570.KS,NCSOFT Corp
2345.TW,Accton Technology Corp
9921.TW,Giant Manufacturing Co Ltd
2301.TW,Lite-On Technology Corp
2377.TW,Micro-Star International Co Ltd
2379.TW,Realtek Semiconductor Corp
EQNR.OL,Equinor ASA
ONGC.NS,Oil and Natural Gas Corporation Ltd
TISC.NS,Tata Steel Ltd
HCLT.NS,HCL Technologies Ltd
SIEM.NS,Siemens Ltd
VDAN.NS,Vedanta Ltd
SUN.NS,Sun Pharmaceutical Industries Ltd
HDFC.NS,Housing Development Finance Corporation Ltd
MAHM.NS,Mahindra and Mahindra Ltd
LART.NS,Larsen & Toubro Ltd
IHTL.BO,Indian Hotels Company Ltd
ITC.NS,ITC Ltd
HLL.NS,Hindustan Unilever Ltd
HALC.NS,Hindalco Industries Ltd
ABUJ.NS,Ambuja Cements Ltd
HROM.NS,Hero MotoCorp Ltd
INFY.NS,Infosys Ltd
FIS.N,Fidelity National Information Services Inc
ASURB.MX,Grupo Aeroportuario del Sureste SAB de CV
ZBH.N,Zimmer Biomet Holdings Inc
055550.KS,Shinhan Financial Group Co Ltd
BBCA.JK,Bank Central Asia Tbk PT
LSEG.L,London Stock Exchange Group PLC
ABX.TO,Barrick Gold Corp
ARX.TO,ARC Resources Ltd
AEM.TO,Agnico Eagle Mines Ltd
ALA.TO,AltaGas Ltd
AQN.TO,Algonquin Power & Utilities Corp
ATD.TO,Alimentation Couche-Tard Inc
BCE.TO,BCE Inc
BMO.TO,Bank of Montreal
BAMa.TO,Brookfield Asset Management Inc
BNS.TO,Bank of Nova Scotia
CAE.TO,CAE Inc
CAR_u.TO,Canadian Apartment Properties Real Estate Investment Trust
CCLb.TO,CCL Industries Inc
CCO.TO,Cameco Corp
CM.TO,Canadian Imperial Bank of Commerce
CNQ.TO,Canadian Natural Resources Ltd
CNR.TO,Canadian National Railway Co
CP.TO,Canadian Pacific Railway Ltd
WPM.TO,Wheaton Precious Metals Corp
CTCa.TO,Canadian Tire Corporation Ltd
CU.TO,Canadian Utilities Ltd
DSG.TO,Descartes Systems Group Inc
EMA.TO,Emera Inc
EMPa.TO,Empire Company Ltd
ENB.TO,Enbridge Inc
FFH.TO,Fairfax Financial Holdings Ltd
FTS.TO,Fortis Inc
GIBa.TO,CGI Inc
GIL.TO,Gildan Activewear Inc
GWO.TO,Great-West Lifeco Inc
IMO.TO,Imperial Oil Ltd
K.TO,Kinross Gold Corp
L.TO,Loblaw Companies Ltd
MFC.TO,Manulife Financial Corp
MG.TO,Magna International Inc
MRU.TO,Metro Inc
NA.TO,National Bank of Canada
NPI.TO,Northland Power Inc
ONEX.TO,Onex Corp
OTEX.TO,Open Text Corp
PAAS.TO,Pan American Silver Corp
PPL.TO,Pembina Pipeline Corp
POW.TO,Power Corporation of Canada
QBRb.TO,Quebecor Inc
RCIb.TO,Rogers Communications Inc
REI_u.TO,RioCan Real Estate Investment Trust
RY.TO,Royal Bank of Canada
SAP.TO,Saputo Inc
LUN.TO,Lundin Mining Corp
SJRb.TO,Shaw Communications Inc
SLF.TO,Sun Life Financial Inc
TD.TO,Toronto-Dominion Bank
TECKb.TO,Teck Resources Ltd
TIH.TO,Toromont Industries Ltd
TRI.TO,Thomson Reuters Corp
TRP.TO,TC Energy Corp
WFG.TO,West Fraser Timber Co Ltd
WN.TO,George Weston Ltd
BRFS3.SA,BRF SA
BIC_p1.CN,Bancolombia SA
CHILE.SN,Banco de Chile
ORBIA.MX,Orbia Advance Corporation SAB de CV
UGPA3.SA,Ultrapar Participacoes SA
LREN3.SA,Lojas Renner SA
WEGE3.SA,WEG SA
BT.L,BT Group PLC
FLTRF.I,Flutter Entertainment PLC
SASA.IS,SASA Polyester Sanayi AS
BABr.AT,Jumbo SA
WDPP.BR,Warehouses de Pauw NV
SATG_p.DE,Sartorius AG
RAAG.DE,Rational AG
SPSN.S,Swiss Prime Site AG
ADIB.AD,Abu Dhabi Islamic Bank PJSC
2353.TW,Acer Inc
900948.SS,Inner Mongolia Yitai Coal Co Ltd
ADCB.AD,Abu Dhabi Commercial Bank PJSC
0136.HK,China Ruyi Holdings Ltd
1020.SE,Bank Aljazira SJSC
0914.HK,Anhui Conch Cement Co Ltd
FMG.AX,Fortescue Metals Group Ltd
600104.SS,SAIC Motor Corp Ltd
1010.SE,Riyad Bank SJSC
1120.SE,Al Rajhi Banking & Investment Corporation SJSC
1060.SE,Saudi British Bank SJSC
ICBK.NS,ICICI Bank Ltd
JSTL.NS,JSW Steel Ltd
1080.SE,Arab National Bank
2010.SE,Saudi Basic Industries Corporation SJSC
2020.SE,SABIC Agri-Nutrients Company SJSC
000858.SZ,Wuliangye Yibin Co Ltd
1030.SE,Saudi Investment Bank SJSC
2050.SE,Savola Group Company SJSC
1050.SE,Banque Saudi Fransi SJSC
0754.HK,Hopson Development Holdings Ltd
AXBK.NS,Axis Bank Ltd
3037.TW,Unimicron Technology Corp
QNBK.QA,Qatar National Bank QPSC
COMB.QA,Commercial Bank PSQC
ORDS.QA,Ooredoo QPSC
021240.KS,Coway Co Ltd
DSYJ.J,Discovery Ltd
600000.SS,Shanghai Pudong Development Bank Co Ltd
2618.TW,Eva Airways Corp
2474.TW,Catcher Technology Co Ltd
REA.AX,REA Group Ltd
035760.KQ,CJ ENM Co Ltd
2395.TW,Advantech Co Ltd
0966.HK,China Taiping Insurance Holdings Co Ltd
WLIL.SI,Wilmar International Ltd
1385.HK,Shanghai Fudan Microelectronics Group Co Ltd
2408.TW,Nanya Technology Corp
2412.TW,Chunghwa Telecom Co Ltd
2409.TW,AUO Corp
600276.SS,Jiangsu Hengrui Pharmaceuticals Co Ltd
3045.TW,Taiwan Mobile Co Ltd
032640.KS,LG Uplus Corp
1177.HK,Sino Biopharmaceutical Ltd
034020.KS,Doosan Enerbility Co Ltd
EMAR.DU,Emaar Properties PJSC
8473.T,SBI Holdings Inc
600016.SS,China Minsheng Banking Corp Ltd
600309.SS,Wanhua Chemical Group Co Ltd
TSEM.TA,Tower Semiconductor Ltd
0696.HK,TravelSky Technology Ltd
EAND.AD,Emirates Telecommunications Group Company PJSC
0268.HK,Kingdee International Software Group Co Ltd
2688.HK,ENN Energy Holdings Ltd
TPGC.KL,Top Glove Corporation Bhd
ADEL.NS,Adani Enterprises Ltd
1476.TW,Eclat Textile Co Ltd
3034.TW,Novatek Microelectronics Corp
BDMSn.BK,Bangkok Dusit Medical Services PCL
PTTEPn.BK,PTT Exploration and Production PCL
RATCHn.BK,Ratch Group PCL
SCCn.BK,Siam Cement PCL
TRUEn.BK,True Corporation PCL
BTSn.BK,BTS Group Holdings PCL
CPNn.BK,Central Pattana PCL
EGCOn.BK,Electricity Generating PCL
2702.T,McDonald's Holdings Company Japan Ltd
2454.TW,MediaTek Inc
TVSM.BO,TVS Motor Company Ltd
4307.T,Nomura Research Institute Ltd
600519.SS,Kweichow Moutai Co Ltd
8951.T,Nippon Building Fund Inc
INTUCHn.BK,Intouch Holdings PCL
8952.T,Japan Real Estate Investment Corp
CPFn.BK,Charoen Pokphand Foods PCL
2881.TW,Fubon Financial Holding Co Ltd
2880.TW,Hua Nan Financial Holdings Co Ltd
ADVANCn.BK,Advanced Info Service PCL
JHX.AX,James Hardie Industries PLC
4324.T,Dentsu Group Inc
2207.TW,Hotai Motor Co Ltd
035250.KS,Kangwon Land Inc
EXXJ.J,Exxaro Resources Ltd
DELTAn.BK,Delta Electronics Thailand PCL
003670.KS,Posco Chemical Co Ltd
CMLT.SI,CapitaLand Integrated Commercial Trust
PTTn.BK,PTT PCL
8308.T,Resona Holdings Inc
600887.SS,Inner Mongolia Yili Industrial Group Co Ltd
KFH.KW,Kuwait Finance House KSCP
028300.KQ,HLB Inc
000568.SZ,Luzhou Laojiao Co Ltd
ZAIN.KW,Mobile Telecommunications Company KSCP
FAB.AD,First Abu Dhabi Bank PJSC
QISB.QA,Qatar Islamic Bank QPSC
028050.KS,Samsung Engineering Co Ltd
UPLL.NS,UPL Ltd
000001.SZ,Ping An Bank Co Ltd
600809.SS,Shanxi Xinghuacun Fen Wine Factory Co Ltd
NBKK.KW,National Bank of Kuwait SAKP
AGLT.KW,Agility Public Warehousing Company KSCP
2615.TW,Wan Hai Lines Ltd
OPAr.AT,Greek Organisation of Football Prognostics SA
LPPP.WA,LPP SA
AMPF.MI,Amplifon SpA
TEMN.S,Temenos AG
CPRI.MI,Davide Campari Milano NV
ACN.N,Accenture PLC
ELV.N,Elevance Health Inc
IVZ.N,Invesco Ltd
BG.N,Bunge Ltd
LNG.A,Cheniere Energy Inc
EQIX.OQ,Equinix Inc
GRMN.N,Garmin Ltd
MNST.OQ,Monster Beverage Corp
MDLZ.OQ,Mondelez International Inc
MRVL.OQ,Marvell Technology Inc
MASI.OQ,Masimo Corp
OVV.N,Ovintiv Inc
PFG.OQ,Principal Financial Group Inc
TPL.N,Texas Pacific Land Corp
WTW.OQ,Willis Towers Watson PLC
4904.TW,Far EasTone Telecommunications Co Ltd
SRG.MI,Snam SpA
AAP.N,Advance Auto Parts Inc
2885.TW,Yuanta Financial Holding Co Ltd
2600.HK,Aluminum Corporation of China Ltd
2882.TW,Cathay Financial Holding Co Ltd
AGES.BR,Ageas SA
BOL.ST,Boliden AB
CNC.N,Centene Corp
PRU.N,Prudential Financial Inc
2883.TW,China Development Financial Holding Corp
8309.T,Sumitomo Mitsui Trust Holdings Inc
2884.TW,E.SUN Financial Holding Co Ltd
NG.L,National Grid PLC
IGO.AX,IGO Ltd
CPIJ.J,Capitec Bank Holdings Ltd
600585.SS,Anhui Conch Cement Co Ltd
CCRO3.SA,CCR SA
2886.TW,Mega Financial Holding Co Ltd
CDR.WA,CD Projekt SA
3008.TW,LARGAN Precision Co Ltd
2887.TW,Taishin Financial Holding Co Ltd
8766.T,Tokio Marine Holdings Inc
8953.T,Japan Metropolitan Fund Investment Corp
ALFA.ST,Alfa Laval AB
600036.SS,China Merchants Bank Co Ltd
066570.KS,LG Electronics Inc
BDO.PS,BDO Unibank Inc
2890.TW,Sinopac Financial Holdings Co Ltd
2891.TW,CTBC Financial Holding Co Ltd
ITRK.L,Intertek Group PLC
NFLX.OQ,Netflix Inc
SJM.N,J M Smucker Co
ENAG.MC,Enagas SA
BSL.AX,BlueScope Steel Ltd
BRBY.L,Burberry Group PLC
NDAQ.OQ,Nasdaq Inc
PKI.TO,Parkland Corp
5110.SE,Saudi Electricity Company SJSC
2388.HK,BOC Hong Kong Holdings Ltd
LAND.L,Land Securities Group PLC
1211.HK,BYD Co Ltd
FM.TO,First Quantum Minerals Ltd
5411.T,JFE Holdings Inc
SLHN.S,Swiss Life Holding AG
TFII.TO,TFI International Inc
035420.KS,Naver Corp
2883.HK,China Oilfield Services Ltd
WYNN.OQ,Wynn Resorts Ltd
8316.T,Sumitomo Mitsui Financial Group Inc
X.TO,TMX Group Ltd
7010.SE,Saudi Telecom Company SJSC
CMCSA.OQ,Comcast Corp
CAPD.SI,CapitaLand Ascendas REIT
CME.OQ,CME Group Inc
STX.OQ,Seagate Technology Holdings PLC
TENR.MI,Tenaris SA
066970.KQ,L&F Co Ltd
600030.SS,CITIC Securities Co Ltd
2892.TW,First Financial Holding Co Ltd
ISA.CN,Interconnection Electric SA ESP
8411.T,Mizuho Financial Group Inc
IHG.L,InterContinental Hotels Group PLC
CAGR.PA,Credit Agricole SA
RR.L,Rolls-Royce Holdings PLC
6724.T,Seiko Epson Corp
KEY.TO,Keyera Corp
0354.HK,Chinasoft International Ltd
MRTI.NS,Maruti Suzuki India Ltd
600031.SS,Sany Heavy Industry Co Ltd
6723.T,Renesas Electronics Corp
BMRI.JK,Bank Mandiri (Persero) Tbk PT
MOH.N,Molina Healthcare Inc
TLIT.MI,Telecom Italia SpA
IQCD.QA,Industries Qatar QPSC
2371.T,Kakaku.com Inc
LKQ.OQ,LKQ Corp
CPALLn.BK,CP All PCL
2328.HK,PICC Property and Casualty Co Ltd
2357.HK,AviChina Industry & Technology Co Ltd
BBRI.JK,Bank Rakyat Indonesia (Persero) Tbk PT
0836.HK,China Resources Power Holdings Co Ltd
600900.SS,China Yangtze Power Co Ltd
NST.AX,Northern Star Resources Ltd
2333.HK,Great Wall Motor Co Ltd
2628.HK,China Life Insurance Co Ltd
NRG.N,NRG Energy Inc
BVTJ.J,Bidvest Group Ltd
TCOM.OQ,Trip.com Group Ltd
2899.HK,Zijin Mining Group Co Ltd
IGAS.BO,Indraprastha Gas Ltd
YAR.OL,Yara International ASA
RBA.TO,Ritchie Bros Auctioneers Inc
AIZ.N,Assurant Inc
AOTn.BK,Airports of Thailand PCL
2250.SE,Saudi Industrial Investment Group SJSC
1066.HK,Shandong Weigao Group Medical Polymer Co Ltd
600438.SS,Tongwei Co Ltd
8697.T,Japan Exchange Group Inc
2338.HK,Weichai Power Co Ltd
8069.TWO,E Ink Holdings Inc
8795.T,T&D Holdings Inc
SBNY.OQ,Signature Bank
MABK.KW,Mabanee Company KPSC
NTCO3.SA,Natura & Co Holding SA
ALNY.OQ,Alnylam Pharmaceuticals Inc
2319.HK,China Mengniu Dairy Co Ltd
TRN.MI,Terna Rete Elettrica Nazionale SpA
LBTYA.OQ,Liberty Global PLC
0700.HK,Tencent Holdings Ltd
2318.HK,Ping An Insurance Group Co of China Ltd
CBRE.N,CBRE Group Inc
2331.HK,Li Ning Co Ltd
BIOX.PA,Biomerieux SA
CRM.N,Salesforce Inc
TCS.NS,Tata Consultancy Services Ltd
RF.N,Regions Financial Corp
GRLS.MC,Grifols SA
DPZ.N,Domino's Pizza Inc
034220.KS,LG Display Co Ltd
TMUS.OQ,T-Mobile US Inc
WLK.N,Westlake Corp
EXR.N,Extra Space Storage Inc
2413.T,M3 Inc
GOOGL.OQ,Alphabet Inc
ADML.L,Admiral Group PLC
2380.HK,China Power International Development Ltd
DXS.AX,Dexus
NTPC.NS,NTPC Ltd
FER.MC,Ferrovial SA
5880.TW,Taiwan Cooperative Financial Holding Co Ltd
GMG.AX,Goodman Group
BKGH.L,Berkeley Group Holdings PLC
SHEL.L,Shell PLC
DLR.N,Digital Realty Trust Inc
PKO.WA,Powszechna Kasa Oszczednosci Bank Polski SA
MKTX.OQ,Marketaxess Holdings Inc
MT.AS,ArcelorMittal SA
MPWR.OQ,Monolithic Power Systems Inc
2633.TW,Taiwan High Speed Rail Corp
0823.HK,Link Real Estate Investment Trust
0753.HK,Air China Ltd
0763.HK,ZTE Corp
LVS.N,Las Vegas Sands Corp
IFC.TO,Intact Financial Corp
7020.SE,Etihad Etisalat Company SJSC
2433.T,Hakuhodo DY Holdings Inc
CE.N,Celanese Corp
0868.HK,Xinyi Glass Holdings Ltd
SM.PS,SM Investments Corp
3769.T,GMO Payment Gateway Inc
NESTE.HE,Neste Oyj
SEK.AX,Seek Ltd
DXCM.OQ,Dexcom Inc
1140.SE,Bank Albilad Sjsc
RENT3.SA,Localiza Rent a Car SA
APNJ.J,Aspen Pharmacare Holdings Ltd
MTXGn.DE,MTU Aero Engines AG
KNEBV.HE,Kone Oyj
ELI.BR,Elia Group SA
1088.HK,China Shenhua Energy Co Ltd
1919.HK,COSCO Shipping Holdings Co Ltd
3328.HK,Bank of Communications Co Ltd
3311.HK,China State Construction International Holdings Ltd
ENGIE.PA,Engie SA
068270.KS,Celltrion Inc
3481.TW,Innolux Corp
BIMAS.IS,BIM Birlesik Magazalar AS
MPW.N,Medical Properties Trust Inc
MAPL.SI,Mapletree Logistics Trust
EXPE.OQ,Expedia Group Inc
2018.HK,AAC Technologies Holdings Inc
3382.T,Seven & i Holdings Co Ltd
CF.N,CF Industries Holdings Inc
4568.T,Daiichi Sankyo Co Ltd
LBTYK.OQ,Liberty Global PLC
7832.T,Bandai Namco Holdings Inc
2280.SE,Almarai Company SJSC
4188.T,Mitsubishi Chemical Group Corp
AMP.N,Ameriprise Financial Inc
SLMJ.J,Sanlam Ltd
INDT.ST,Indutrade AB
TRYG.CO,Tryg A/S
0939.HK,China Construction Bank Corp
FNF.N,Fidelity National Financial Inc
ALDAR.AD,Aldar Properties Pjsc
2313.HK,Shenzhou International Group Holdings Ltd
3436.T,Sumco Corp
EDF.PA,Electricite de France SA
MA.N,Mastercard Inc
HIK.L,Hikma Pharmaceuticals PLC
CSAN3.SA,Cosan SA
0489.HK,Dongfeng Motor Group Co Ltd
ICE.N,Intercontinental Exchange Inc
0425.HK,Minth Group Ltd
IPN.PA,Ipsen SA
LDOS.N,Leidos Holdings Inc
086790.KS,Hana Financial Group Inc
PARA.OQ,Paramount Global
2290.SE,Yanbu National Petrochemicals Company SJSC
LYV.N,Live Nation Entertainment Inc
086280.KS,Hyundai Glovis Co Ltd
MARK.QA,Masraf Al Rayan QPSC
2689.HK,Nine Dragons Paper (Holdings) Ltd
023530.KS,Lotte Shopping Co Ltd
CMG.N,Chipotle Mexican Grill Inc
3323.HK,China National Building Material Co Ltd
AKE.PA,Arkema SA
8984.T,Daiwa House REIT Investment Corp
GAPB.MX,Grupo Aeroportuario del Pacifico SAB de CV
TOTS3.SA,Totvs SA
1605.T,Inpex Corp
8046.TW,Nan Ya Printed Circuit Board Corp
PGHN.S,Partners Group Holding AG
TDG.N,TransDigm Group Inc
LEGD.PA,Legrand SA
EQTL3.SA,Equatorial Energia SA
HUSQb.ST,Husqvarna AB
3038.T,Kobe Bussan Co Ltd
3988.HK,Bank of China Ltd
4210.SE,Saudi Research and Media Group
CSU.TO,Constellation Software Inc
BOUK.KW,Boubyan Bank KSCP
WSP.TO,WSP Global Inc
090430.KS,AmorePacific Corp
ADP.PA,Aeroports de Paris SA
0813.HK,Shimao Group Holdings Ltd
ABDN.L,Abrdn PLC
ORNBV.HE,Orion Oyj
MIN.AX,Mineral Resources Ltd
3900.HK,Greentown China Holdings Ltd
600048.SS,Poly Developments and Holdings Group Co Ltd
2310.SE,Sahara International Petrochemical Company SJSC
SOBIV.ST,Swedish Orphan Biovitrum AB (publ)
MNDI.L,Mondi PLC
3231.T,Nomura Real Estate Holdings Inc
2127.T,Nihon M&A Center Holdings Inc
3968.HK,China Merchants Bank Co Ltd
WU.N,Western Union Co
5019.T,Idemitsu Kosan Co Ltd
OC.N,Owens Corning
GALP.LS,Galp Energia SGPS SA
1398.HK,Industrial and Commercial Bank of China Ltd
601398.SS,Industrial and Commercial Bank of China Ltd
KIOJ.J,Kumba Iron Ore Ltd
3064.T,MonotaRO Co Ltd
1818.HK,Zhaojin Mining Industry Co Ltd
1888.HK,Kingboard Laminates Holdings Ltd
AC.TO,Air Canada
FSLR.OQ,First Solar Inc
AER.N,AerCap Holdings NV
0552.HK,China Communications Services Corp Ltd
SY1G.DE,Symrise AG
1898.HK,China Coal Energy Co Ltd
1882.HK,Haitian International Holdings Ltd
3898.HK,Zhuzhou CRRC Times Electric Co Ltd
AKRBP.OL,Aker BP ASA
AMER3.SA,Americanas SA
KKR.N,KKR & Co Inc
601166.SS,Industrial Bank Co Ltd
SKG.I,Smurfit Kappa Group PLC
601318.SS,Ping An Insurance Group Co of China Ltd
JBSS3.SA,JBS SA
2007.HK,Country Garden Holdings Co Ltd
BR.N,Broadridge Financial Solutions Inc
3993.HK,CMOC Group Ltd
0998.HK,China Citic Bank Corp Ltd
HRGV.L,Hargreaves Lansdown PLC
PRY.MI,Prysmian SpA
SALM.OL,SalMar ASA
601328.SS,Bank of Communications Co Ltd
DAL.N,Delta Air Lines Inc
PODD.OQ,Insulet Corp
2382.HK,Sunny Optical Technology Group Co Ltd
JAZZ.OQ,Jazz Pharmaceuticals PLC
DLF.NS,DLF Ltd
TEL.N,TE Connectivity Ltd
DFS.N,Discover Financial Services
2020.HK,ANTA Sports Products Ltd
BX.N,Blackstone Inc
3331.HK,Vinda International Holdings Ltd
0656.HK,Fosun International Ltd
2350.SE,Saudi Kayan Petrochemical Company SJSC
096770.KS,SK Innovation Co Ltd
002142.SZ,Bank of Ningbo Co Ltd
DIAS.MI,DiaSorin SpA
PLS.AX,Pilbara Minerals Ltd
LULU.OQ,Lululemon Athletica Inc
0817.HK,China Jinmao Holdings Group Ltd
MELI.OQ,MercadoLibre Inc
VMW.N,VMware Inc
097950.KS,CJ CheilJedang Corp
3888.HK,Kingsoft Corp Ltd
601088.SS,China Shenhua Energy Co Ltd
CABK.MC,Caixabank SA
3998.HK,Bosideng International Holdings Ltd
BVI.PA,Bureau Veritas SA
ENBD.DU,Emirates NBD Bank PJSC
ULTA.OQ,Ulta Beauty Inc
MQG.AX,Macquarie Group Ltd
3800.HK,GCL Technology Holdings Ltd
GETP.PA,Getlink SE
3092.T,ZOZO Inc
0390.HK,China Railway Group Ltd
MSCI.N,MSCI Inc
0220.HK,Uni-President China Holdings Ltd
0189.HK,Dongyue Group Ltd
FNV.TO,Franco-Nevada Corp
0285.HK,BYD Electronic International Co Ltd
601601.SS,China Pacific Insurance Group Co Ltd
4300.SE,Dar Al Arkan Real Estate Development Company SJSC
2380.SE,Rabigh Refining and Petrochemical Company SJSC
3529.TWO,eMemory Technology Inc
0151.HK,Want Want China Holdings Ltd
3626.T,TIS Inc
2601.HK,China Pacific Insurance Group Co Ltd
3333.HK,China Evergrande Group
PM.N,Philip Morris International Inc
V.N,Visa Inc
BAJA.NS,Bajaj Auto Ltd
HTHB.KL,Hartalega Holdings Bhd
CPS.WA,Cyfrowy Polsat SA
HYPE3.SA,Hypera SA
AXIA.KL,Axiata Group Bhd
AWK.N,American Water Works Company Inc
KDP.OQ,Keurig Dr Pepper Inc
B3SA3.SA,B3 SA Brasil Bolsa Balcao
1368.HK,Xtep International Holdings Ltd
8210.SE,Bupa Arabia for Cooperative Insurance Company SJSC
EDPR.LS,EDP Renovaveis SA
1150.SE,Alinma Bank SJSC
011070.KS,LG Innotek Co Ltd
034730.KS,SK Inc
ADRO.JK,Adaro Energy Indonesia TBK PT
1211.SE,Saudi Arabian Mining Company SJSC
3141.T,Welcia Holdings Co Ltd
601766.SS,Crrc Corp Ltd
2181.T,Persol Holdings Co Ltd
WBD.OQ,Warner Bros Discovery Inc
CFR.S,Compagnie Financiere Richemont SA
105560.KS,KB Financial Group Inc
6465.T,Hoshizaki Corp
AMRT.JK,Sumber Alfaria Trijaya Tbk PT
2269.T,Meiji Holdings Co Ltd
3635.T,Koei Tecmo Holdings Co Ltd
VODJ.J,Vodacom Group Ltd
WCN.N,Waste Connections Inc
601668.SS,China State Construction Engineering Corp Ltd
ADAN.NS,Adani Power Ltd
AVGO.OQ,Broadcom Inc
SU.TO,Suncor Energy Inc
1099.HK,Sinopharm Group Co Ltd
1313.HK,China Resources Cement Holdings Ltd
601888.SS,China Tourism Group Duty Free Corp Ltd
BAER.S,Julius Baer Gruppe AG
300014.SZ,EVE Energy Co Ltd
300015.SZ,Aier Eye Hospital Group Co Ltd
SANB11.SA,Banco Santander Brasil SA
VRSK.OQ,Verisk Analytics Inc
DOL.TO,Dollarama Inc
002304.SZ,Jiangsu Yanghe Brewery Joint-Stock Co Ltd
ENGI11.SA,Energisa SA
0960.HK,Longfor Group Holdings Ltd
PLZL.MM,Polyus PJSC
TATN.MM,Tatneft' PAO
NLMK.MM,Novolipetsk Steel PAO
MTSS.MM,Mobil'nye Telesistemy PAO
MGNT.MM,Magnit PAO
NVTK.MM,Novatek PAO
GAZP.MM,Gazprom PAO
LKOH.MM,NK Lukoil PAO
ROSN.MM,NK Rosneft' PAO
GMKN.MM,GMK Noril'skiy Nikel' PAO
IRAO.MM,Inter RAO YEES PAO
CHMF.MM,Severstal' PAO
SNGS.MM,Surgutneftegaz PAO
SNGS_p.MM,Surgutneftegaz PAO
CVE.TO,Cenovus Energy Inc
MXSC.KL,Maxis Bhd
3105.TWO,WIN Semiconductors Corp
MRK.N,Merck & Co Inc
1928.HK,Sands China Ltd
LEA.N,Lear Corp
1988.HK,China Minsheng Banking Corp Ltd
0631.HK,Sany Heavy Equipment International Holdings Company Ltd
DG.N,Dollar General Corp
FTNT.OQ,Fortinet Inc
0916.HK,China Longyuan Power Group Corp Ltd
CHTR.OQ,Charter Communications Inc
1918.HK,Sunac China Holdings Ltd
GODR.NS,Godrej Properties Ltd
IVLn.BK,Indorama Ventures PCL
002352.SZ,S.F. Holding Co Ltd
JUBI.NS,Jubilant Foodworks Ltd
GNRC.N,Generac Holdings Inc
8750.T,Dai-ichi Life Holdings Inc
002371.SZ,NAURA Technology Group Co Ltd
5020.T,ENEOS Holdings Inc
8630.T,Sompo Holdings Inc
300059.SZ,East Money Information Co Ltd
0881.HK,Zhongsheng Group Holdings Ltd
ST.N,Sensata Technologies Holding PLC
BNRGn.DE,Brenntag SE
HTHT.OQ,H World Group Ltd
SSNC.OQ,SS&C Technologies Holdings Inc
ENT.L,Entain PLC
PZU.WA,Powszechny Zaklad Ubezpieczen SA
1972.HK,Swire Properties Ltd
AMA.MC,Amadeus IT Group SA
LYB.N,LyondellBasell Industries NV
4938.TW,Pegatron Corp
CHRH.CO,Chr Hansen Holding A/S
2128.HK,China Lesso Group Holdings Ltd
AZRG.TA,Azrieli Group Ltd
2208.HK,Xinjiang Goldwind Science & Technology Co Ltd
128940.KS,Hanmi Pharm Co Ltd
EDEN.PA,Edenred SE
CBOE.Z,Cboe Global Markets Inc
601288.SS,Agricultural Bank of China Ltd
TSLA.OQ,Tesla Inc
1288.HK,Agricultural Bank of China Ltd
2238.HK,Guangzhou Automobile Group Co Ltd
OCDO.L,Ocado Group PLC
002460.SZ,Ganfeng Lithium Group Co Ltd
601818.SS,China Everbright Bank Co Ltd
NXPI.OQ,NXP Semiconductors NV
002475.SZ,Luxshare Precision Industry Co Ltd
300122.SZ,Chongqing Zhifei Biological Products Co Ltd
096530.KQ,Seegene Inc
0867.HK,China Medical System Holdings Ltd
1308.HK,SITC International Holdings Co Ltd
0853.HK,Microport Scientific Corp
PNDORA.CO,Pandora A/S
TRGP.N,Targa Resources Corp
HZNP.OQ,Horizon Therapeutics PLC
TOU.TO,Tourmaline Oil Corp
FRC.N,First Republic Bank
GJFG.OL,Gjensidige Forsikring ASA
1590.TW,Airtac International Group
KMI.N,Kinder Morgan Inc
HCA.N,HCA Healthcare Inc
020150.KS,Iljin Materials Co Ltd
DQ.N,Daqo New Energy Corp
1299.HK,AIA Group Ltd
1378.HK,China Hongqiao Group Ltd
002493.SZ,Rongsheng Petrochemical Co Ltd
AZJ.AX,Aurizon Holdings Ltd
PRIO3.SA,Petro Rio SA
COAL.NS,Coal India Ltd
TAL.N,TAL Education Group
FUNO11.MX,Fibra Uno Administracion SA de CV
PCGB.KL,Petronas Chemicals Group Bhd
4578.T,Otsuka Holdings Co Ltd
BAH.N,Booz Allen Hamilton Holding Corp
GM.N,General Motors Co
LPLA.OQ,LPL Financial Holdings Inc
3360.HK,Far East Horizon Ltd
HII.N,Huntington Ingalls Industries Inc
APO.N,Apollo Global Management Inc
MACT.SI,Mapletree Pan Asia Commercial Trust
MGLU3.SA,Magazine Luiza SA
TWE.AX,Treasury Wine Estates Ltd
2607.HK,Shanghai Pharmaceuticals Holding Co Ltd
GLEN.L,Glencore PLC
SRENH.S,Swiss Re AG
047810.KS,Korea Aerospace Industries Ltd
EFN.TO,Element Fleet Management Corp
002596.SZ,Hainan RuiZe New Building Material Co Ltd
MPC.N,Marathon Petroleum Corp
5871.TW,Chailease Holding Company Ltd
4966.TWO,Parade Technologies Ltd
FBHS.N,Fortune Brands Home & Security Inc
6030.HK,CITIC Securities Co Ltd
300274.SZ,Sungrow Power Supply Co Ltd
XYL.N,Xylem Inc
PTTGCn.BK,PTT Global Chemical PCL
3659.T,Nexon Co Ltd
APTV.N,Aptiv PLC
6823.HK,HKT Trust and HKT Ltd
1336.HK,New China Life Insurance Company Ltd
VCX.AX,Vicinity Centres
1929.HK,Chow Tai Fook Jewellery Group Ltd
6837.HK,Haitong Securities Co Ltd
ALRS.MM,AK Alrosa PAO
4958.TW,Zhen Ding Technology Holding Ltd
PHOR.MM,PhosAgro PAO
RADL3.SA,Raia Drogasil SA
EPAM.N,Epam Systems Inc
7747.T,Asahi Intecc Co Ltd
601012.SS,LONGi Green Energy Technology Co Ltd
VIPS.N,Vipshop Holdings Ltd
ENPH.OQ,Enphase Energy Inc
ARBN.NS,Aurobindo Pharma Ltd
MRCO.NS,Marico Ltd
APLH.NS,Apollo Hospitals Enterprise Ltd
BAJE.NS,Bharat Electronics Ltd
TAMO.NS,Tata Motors Ltd
DABU.NS,Dabur India Ltd
EICH.NS,Eicher Motors Ltd
TTEX.NS,Tata Elxsi Ltd
TTPW.NS,Tata Power Company Ltd
GAIL.NS,GAIL (India) Ltd
SRTR.NS,Shriram Transport Finance Company Ltd
GRAS.NS,Grasim Industries Ltd
SHCM.NS,Shree Cement Ltd
ASPN.NS,Asian Paints Ltd
BFRG.NS,Bharat Forge Ltd
BRIT.NS,Britannia Industries Ltd
CHLA.NS,Cholamandalam Investment and Finance Company Ltd
COLG.NS,Colgate-Palmolive (India) Ltd
KTKM.NS,Kotak Mahindra Bank Ltd
LUPN.NS,Lupin Ltd
SBI.NS,State Bank of India
TACN.NS,Tata Consumer Products Ltd
CCRI.NS,Container Corporation of India Ltd
BJFN.NS,Bajaj Finance Ltd
TITN.NS,Titan Company Ltd
PIDI.NS,Pidilite Industries Ltd
SAMD.NS,Samvardhana Motherson International Ltd
TREN.NS,Trent Ltd
SRFL.NS,SRF Ltd
GOCP.NS,Godrej Consumer Products Ltd
BRTI.NS,Bharti Airtel Ltd
HVEL.NS,Havells India Ltd
DIVI.NS,Divi's Laboratories Ltd
BION.NS,Biocon Ltd
ULTC.NS,UltraTech Cement Ltd
YESB.NS,Yes Bank Ltd
TEML.NS,Tech Mahindra Ltd
INED.NS,Info Edge (India) Ltd
PAGE.NS,Page Industries Ltd
PGRD.NS,Power Grid Corporation of India Ltd
APSE.NS,Adani Ports and Special Economic Zone Ltd
BJFS.NS,Bajaj Finserv Ltd
NEST.NS,Nestle India Ltd
FLT.N,Fleetcor Technologies Inc
PIIL.NS,PI Industries Ltd
META.OQ,Meta Platforms Inc
CG.OQ,Carlyle Group Inc
FANG.OQ,Diamondback Energy Inc
6920.T,Lasertec Corp
SPLK.OQ,Splunk Inc
NOW.N,ServiceNow Inc
GTCAP.PS,GT Capital Holdings Inc
PSX.N,Phillips 66
HR.N,Healthcare Realty Trust Inc
IHHH.KL,IHH Healthcare Bhd
PANW.OQ,Palo Alto Networks Inc
9888.HK,Baidu Inc
9201.T,Japan Airlines Co Ltd
161390.KS,Hankook Tire & Technology Co Ltd
WDAY.OQ,Workday Inc
YY.OQ,JOYY Inc
IVN.TO,Ivanhoe Mines Ltd
O2Dn.DE,Telefonica Deutschland Holding AG
2196.HK,Shanghai Fosun Pharmaceutical Group Co Ltd
XRO.AX,Xero Ltd
3281.T,GLP J-REIT
1339.HK,People's Insurance Company Group of China Ltd
ABBV.N,Abbvie Inc
6409.TW,Voltronic Power Technology Corp
3283.T,Nippon Prologis REIT Inc
LEGn.DE,LEG Immobilien SE
ZTS.N,Zoetis Inc
OCI.AS,OCI NV
EAn.BK,Energy Absolute PCL
MOEX.MM,Moskovskaya Birzha MMVB-RTS PAO
SAGAb.ST,Sagax AB
DOO.TO,BRP Inc
EVKn.DE,Evonik Industries AG
CCH.L,Coca Cola HBC AG
BBSE3.SA,BB Seguridade Participacoes SA
IQV.N,IQVIA Holdings Inc
6881.HK,China Galaxy Securities Co Ltd
2587.T,Suntory Beverage & Food Ltd
0288.HK,WH Group Ltd
MEL.NZ,Meridian Energy Ltd
NWSA.OQ,News Corp
VNAn.DE,Vonovia SE
POLY.MM,Polymetal International PLC
CDW.OQ,CDW Corp
MONC.MI,Moncler SpA
AMH.N,American Homes 4 Rent
3288.T,Open House Group Co Ltd
VEEV.N,Veeva Systems Inc
MPHC.QA,Mesaieed Petrochemical Holding Company QPSC
CNHI.MI,CNH Industrial NV
BURL.N,Burlington Stores Inc
3291.T,Iida Group Holdings Co Ltd
WIX.OQ,Wix.Com Ltd
ARMK.N,Aramark
GLPI.OQ,Gaming and Leisure Properties Inc
ATHM.N,Autohome Inc
ALLE.N,Allegion PLC
1268.HK,China MeiDong Auto Holdings Ltd
0968.HK,Xinyi Solar Holdings Ltd
1359.HK,China Cinda Asset Management Co Ltd
HLT.N,Hilton Worldwide Holdings Inc
6415.TW,Silergy Corp
3606.HK,Fuyao Glass Industry Group Co Ltd
0586.HK,China Conch Venture Holdings Ltd
ALLY.N,Ally Financial Inc
2638.HK,HK Electric Investments Ltd
KLBN11.SA,Klabin SA
002714.SZ,Muyuan Foods Co Ltd
601225.SS,Shaanxi Coal Industry Co Ltd
603288.SS,Foshan Haitian Flavouring and Food Co Ltd
PCTY.OQ,Paylocity Holding Corp
8454.TW,Momo Com Inc
WLN.PA,Worldline SA
6178.T,Japan Post Holdings Co Ltd
1180.SE,Saudi National Bank SJSC
GOOG.OQ,Alphabet Inc
6098.T,Recruit Holdings Co Ltd
MPL.AX,Medibank Private Ltd
ANET.N,Arista Networks Inc
WB.OQ,Weibo Corp
ARES.N,Ares Management Corp
PAYC.N,Paycom Software Inc
CTLT.N,Catalent Inc
SYF.N,Synchrony Financial
SAWADn.BK,Srisawad Corporation PCL
YNDX.MM,Yandex NV
IMCD.AS,IMCD NV
ENX.PA,Euronext NV
NN.AS,NN Group NV
2202.HK,China Vanke Co Ltd
SCG.AX,Scentre Group
ARGX.BR,argenx SE
FBK.MI,FinecoBank Banca Fineco SpA
CYBR.OQ,Cyberark Software Ltd
HUBS.N,HubSpot Inc
1816.HK,CGN Power Co Ltd
SEDG.OQ,Solaredge Technologies Inc
CFG.N,Citizens Financial Group Inc
5876.TW,Shanghai Commercial & Savings Bank Ltd
CZR.OQ,Caesars Entertainment Inc
1347.HK,Hua Hong Semiconductor Ltd
ZALG.DE,Zalando SE
KEYS.N,Keysight Technologies Inc
6488.TWO,Globalwafers Co Ltd
018260.KS,Samsung SDS Co Ltd
LBRDK.OQ,Liberty Broadband Corp
196170.KQ,Alteogen Inc
LIFCOb.ST,Lifco AB (publ)
MTCn.BK,Muangthai Capital PCL
UBSG.S,UBS Group AG
QSR.TO,Restaurant Brands International Inc
028260.KS,Samsung C&T Corp
QRVO.OQ,Qorvo Inc
AENA.MC,Aena SME SA
GDDY.N,GoDaddy Inc
ETSY.OQ,ETSY Inc
AUTOA.L,Auto Trader Group PLC
EVOG.ST,Evolution AB (publ)
0001.HK,CK Hutchison Holdings Ltd
1776.HK,GF Securities Co Ltd
SHOP.TO,Shopify Inc
CLNX.MC,Cellnex Telecom SA
ORSTED.CO,Orsted A/S
1113.HK,CK Asset Holdings Ltd
S32.AX,South32 Ltd
RAIL3.SA,Rumo SA
MDKA.JK,Merdeka Copper Gold Tbk PT
GPSCn.BK,Global Power Synergy PCL
1530.HK,3SBio Inc
6886.HK,Huatai Securities Co Ltd
FSV.TO,FirstService Corp
INWT.MI,Infrastrutture Wireless Italiane SpA
TRU.N,TransUnion
WRK.N,Westrock Co
KHC.OQ,Kraft Heinz Co
PYPL.OQ,PayPal Holdings Inc
6865.HK,Flat Glass Group Co Ltd
3908.HK,China International Capital Corp Ltd
ADAI.NS,Adani Transmission Ltd
Z.OQ,Zillow Group Inc
INGL.NS,Interglobe Aviation Ltd
3462.T,Nomura Real Estate Master Fund Inc
NVCR.OQ,Novocure Ltd
7181.T,Japan Post Insurance Co Ltd
7182.T,Japan Post Bank Co Ltd
G24n.DE,Scout24 SE
1COV.DE,Covestro AG
H.TO,Hydro One Ltd
2669.HK,China Overseas Property Holdings Ltd
HPE.N,Hewlett Packard Enterprise Co
SQ.N,Block Inc
PST.MI,Poste Italiane SpA
MTCH.OQ,Match Group Inc
HDFL.NS,HDFC Life Insurance Company Ltd
300498.SZ,Wens Foodstuff Group Co Ltd
STE.N,STERIS plc
AMUN.PA,Amundi SA
3799.HK,Dali Foods Group Co Ltd
ABNd.AS,ABN Amro Bank NV
1658.HK,Postal Savings Bank of China Co Ltd
MRON.L,Melrose Industries PLC
AT1.DE,Aroundtown SA
IEL.AX,IDP Education Ltd
1548.HK,Genscript Biotech Corp
2869.HK,Greentown Service Group Co Ltd
001979.SZ,China Merchants Shekou Industrial Zone Holdings Co Ltd
RACE.MI,Ferrari NV
BEMn.BK,Bangkok Expressway and Metro PCL
1810.HK,Xiaomi Corp
2588.HK,BOC Aviation Ltd
ARTO.JK,Bank Jago Tbk PT
7186.T,Concordia Financial Group Ltd
HCM.O,HUTCHMED (China) Ltd
WTC.AX,WiseTech Global Ltd
VACN.S,VAT Group AG
1579.HK,Yihai International Holding Ltd
LSXMA.OQ,Liberty Media Corp
LSXMK.OQ,Liberty Media Corp
FWONK.OQ,Liberty Media Corp
ENELCHILE.SN,Enel Chile SA
1585.HK,Yadea Group Holdings Ltd
BIDJ.J,Bid Corporation Ltd
FTV.N,Fortive Corp
VARB.NS,Varun Beverages Ltd
TWLO.N,Twilio Inc
LRTI.NS,LTIMindtree Ltd
INGA.AS,ING Groep NV
EMBRACb.ST,Embracer Group AB
6060.HK,ZhongAn Online P & C Insurance Co Ltd
DELL.N,Dell Technologies Inc
TKWY.AS,Just Eat Takeaway.com NV
UN01.DE,Uniper SE
TTD.OQ,Trade Desk Inc
601229.SS,Bank of Shanghai Co Ltd
AVEU.NS,Avenue Supermarts Ltd
YUMC.N,Yum China Holdings Inc
AA.N,Alcoa Corp
ZTO.N,ZTO Express (Cayman) Inc
LW.N,Lamb Weston Holdings Inc
207940.KS,Samsung Biologics Co Ltd
DNP.WA,Dino Polska SA
INVH.N,Invitation Homes Inc
SNAP.N,Snap Inc
BPAC11.SA,Banco BTG Pactual SA
OKTA.OQ,Okta Inc
SBIL.NS,SBI Life Insurance Company Ltd
601658.SS,Postal Savings Bank of China Co Ltd
251270.KS,Netmarble Corp
267250.KS,HD Hyundai Co Ltd
IR.N,Ingersoll Rand Inc
VST.N,Vistra Corp
2269.HK,WuXi Biologics (Cayman) Inc
BBAJIOO.MX,Banco del Bajio SA Institucion de Banca Multiple
ESSITYb.ST,Essity AB (publ)
DHER.DE,Delivery Hero SE
271560.KS,Orion Corp
NRPJ.J,Nepi Rockcastle NV
BGRIMn.BK,BGrimm Power PCL
CRFB3.SA,Atacadao SA
091990.KQ,Celltrion Healthcare Co Ltd
263750.KQ,PearlAbyss Corp
DD.N,Dupont De Nemours Inc
KNX.N,Knight-Swift Transportation Holdings Inc
ZLAB.OQ,Zai Lab Ltd
ICIL.NS,ICICI Lombard General Insurance Company Ltd
ROKU.OQ,Roku Inc
BKI.N,Black Knight Inc
MDB.OQ,MongoDB Inc
SE.N,Sea Ltd
0772.HK,China Literature Ltd
TBEI.BO,Tube Investments of India Ltd
HFGG.DE,Hellofresh SE
6669.TW,Wiwynn Corp
9143.T,SG Holdings Co Ltd
SUZB3.SA,Suzano SA
1997.HK,Wharf Real Estate Investment Company Ltd
ADNOCDIST.AD,Abu Dhabi National Oil Company for Distribution PJSC
SIPL.KL,Sime Darby Plantation Bhd
SHLG.DE,Siemens Healthineers AG
GULFn.BK,Gulf Energy Development PCL
QHOLDING.AD,Al Qudra Holding PJSC
282330.KS,BGF Retail Co Ltd
RNIJ.J,Reinet Investments SCA
VBBR3.SA,Vibra Energia SA
NTR.TO,Nutrien Ltd
285130.KS,SK Chemicals Co Ltd
BANH.NS,Bandhan Bank Ltd
FIVEDR.MM,X5 Retail Group NV
VICI.N,VICI Properties Inc
EQH.N,Equitable Holdings Inc
ZS.OQ,Zscaler Inc
DBX.OQ,Dropbox Inc
IQ.OQ,iQIYI Inc
9626.HK,Bilibili Inc
DOCU.OQ,DocuSign Inc
603259.SS,WuXi AppTec Co Ltd
1833.HK,Ping An Healthcare and Technology Co Ltd
CDAY.N,Ceridian HCM Holding Inc
3711.TW,ASE Technology Holding Co Ltd
HAPV3.SA,Hapvida Participacoes e Investimentos SA
ADNA.NS,Adani Green Energy Ltd
VOLCARb.ST,Volvo Car AB
300750.SZ,Contemporary Amperex Technology Co Ltd
EPIRa.ST,Epiroc AB
6098.HK,Country Garden Services Holdings Co Ltd
ADYEN.AS,Adyen NV
PDD.OQ,Pinduoduo Inc
0788.HK,China Tower Corp Ltd
6160.HK,Beigene Ltd
NIO.N,NIO Inc
3690.HK,Meituan
6862.HK,Haidilao International Holding Ltd
1787.HK,Shandong Gold Mining Co Ltd
300760.SZ,Shenzhen Mindray Bio-Medical Electronics Co Ltd
ELAN.N,Elanco Animal Health Inc
SIGNC.S,SIG Group AG
1772.HK,Ganfeng Lithium Group Co Ltd
OSPn.BK,Osotspa PCL
KBX.DE,Knorr Bremse AG
MCGJ.J,MultiChoice Group Ltd
1801.HK,Innovent Biologics Inc
CLVT.N,Clarivate PLC
LIN.N,Linde PLC
ADAG.NS,Adani Total Gas Ltd
0780.HK,Tongcheng Travel Holdings Ltd
9434.T,SoftBank Corp
COL.AX,Coles Group Ltd
2359.HK,WuXi AppTec Co Ltd
MRNA.OQ,Moderna Inc
TME.N,Tencent Music Entertainment Group
QFIN.OQ,360 DigiTech Inc
247540.KQ,EcoPro BM Co Ltd
316140.KS,Woori Financial Group Inc
FUTU.OQ,Futu Holdings Ltd
TW.OQ,Tradeweb Markets Inc
FOXA.OQ,Fox Corp
1797.HK,Koolearn Technology Holding Ltd
DOW.N,Dow Inc
PINS.N,Pinterest Inc
UBER.N,Uber Technologies Inc
ALCC.S,Alcon AG
ISCD.TA,Isracard Ltd
ADEA.OL,Adevinta ASA
ZM.OQ,Zoom Video Communications Inc
NEXII.MI,Nexi SpA
AVTR.N,Avantor Inc
CRWD.OQ,CrowdStrike Holdings Inc
CTVA.N,Corteva Inc
3692.HK,Hansoh Pharmaceutical Group Company Ltd
CHWY.N,Chewy Inc
AMCR.N,Amcor PLC
1821.HK,ESR Group Ltd
2222.SE,Saudi Arabian Oil Co
1876.HK,Budweiser Brewing Company APAC Ltd
DT.N,Dynatrace Inc
INIR.NS,Indian Railway Catering and Tourism Corporation Ltd
PRX.AS,Prosus NV
EQTAB.ST,EQT AB
NET.N,Cloudflare Inc
DDOG.OQ,Datadog Inc
6110.HK,Topsports International Holdings Ltd
MNG.L,M&G PLC
TCSGDR.MM,TCS Group Holding PLC
688111.SS,Beijing Kingsoft Office Software Inc
6186.HK,China Feihe Ltd
GFL.TO,GFL Environmental Inc
FDJ.PA,La Francaise des Jeux SA
3759.HK,Pharmaron Beijing Co Ltd
9988.HK,Alibaba Group Holding Ltd
BILL.N,Bill.com Holdings Inc
9922.HK,Jiumaojiu International Holdings Ltd
SSWJ.J,Sibanye Stillwater Ltd
4013.SE,Dr Sulaiman Al-Habib Medical Services Group Co
ZI.OQ,ZoomInfo Technologies Inc
CARR.N,Carrier Global Corp
OTIS.N,Otis Worldwide Corp
LEGN.OQ,Legend Biotech Corp
RPRX.OQ,Royalty Pharma PLC
9999.HK,NetEase Inc
9618.HK,JD.Com Inc
6078.HK,Hygeia Healthcare Holdings Co Ltd
326030.KS,SK Biopharmaceuticals Co Ltd
6969.HK,Smoore International Holdings Ltd
BEPC.TO,Brookfield Renewable Corp
3347.HK,Hangzhou Tigermed Consulting Co Ltd
BEKE.N,Ke Holdings Inc
BSY.OQ,Bentley Systems Inc
9633.HK,Nongfu Spring Co Ltd
293490.KQ,Kakao Games Corp
SNOW.N,Snowflake Inc.
PLTR.N,Palantir Technologies Inc
NVEI.TO,Nuvei Corp
U.N,Unity Software Inc
LCID.OQ,Lucid Group Inc
ENR1n.DE,Siemens Energy AG
352820.KS,Hybe Co Ltd
ALEP.WA,Allegro.eu SA
LU.N,Lufax Holding Ltd
9698.HK,GDS Holdings Ltd
9901.HK,New Oriental Education & Technology Group Inc
ABNB.OQ,Airbnb Inc
RDOR3.SA,Rede D'Or Sao Luiz SA
AFRM.OQ,Affirm Holdings Inc
RBLX.N,Roblox Corp
6690.HK,Haier Smart Home Co Ltd
1209.HK,China Resources Mixc Lifestyle Services Ltd
6618.HK,JD Health International Inc
9992.HK,Pop Mart International Group Ltd
GRAB.OQ,Grab Holdings Ltd
6770.TW,Powerchip Semiconductor Manufacturing Corp
DASH.N,DoorDash Inc
ZIM.N,ZIM Integrated Shipping Services Ltd
1024.HK,Kuaishou Technology
CHK.OQ,Chesapeake Energy Corp
ASAI3.SA,Sendas Distribuidora SA
COIN.OQ,Coinbase Global Inc
302440.KS,SK Bioscience Co Ltd
361610.KS,SK IE Technology Co Ltd
ZOMT.NS,Zomato Ltd
MONDE.PS,Monde Nissin Corp
BZ.OQ,Kanzhun Ltd
EDV.AX,Endeavour Group Ltd
259960.KS,Krafton Inc
9868.HK,Xpeng Inc
323410.KS,KakaoBank Corp
2015.HK,Li Auto Inc
329180.KS,Hyundai Heavy Industries Co Ltd
CAPN.SI,Capitaland Investment Ltd
UMG.AS,Universal Music Group NV
RIVN.OQ,Rivian Automotive Inc
2082.SE,ACWA Power Co
1111.SE,Saudi Tadawul Group Holding Company SJSC
402340.KS,SK Square Co Ltd
DTGGe.DE,Daimler Truck Holding AG
373220.KS,LG Energy Solution Ltd
CEG.OQ,Constellation Energy Corp
TLC.AX,Lottery Corporation Ltd
HLN.L,HALEON PLC
EXOR.AS,Exor NV
P911_p.DE,Dr Ing hc F Porsche AG
UHALB.OQ,Amerco
RENT9.SA,Localiza Rent a Car SA
CSGN_r.S,Credit Suisse Group AG
