,Symbol,Security,SEC filings,GICS Sector,GICS Sub-Industry,Headquarters Location,Date first added,CIK,Founded
0,MMM,3M,reports,Industrials,Industrial Conglomerates,"Saint Paul, Minnesota",8/9/1976,66740,1902
1,AOS,A. O. Smith,reports,Industrials,Building Products,"Milwaukee, Wisconsin",7/26/2017,91142,1916
2,ABT,Abbott,reports,Health Care,Health Care Equipment,"North Chicago, Illinois",3/31/1964,1800,1888
3,ABBV.K,AbbVie,reports,Health Care,Pharmaceuticals,"North Chicago, Illinois",12/31/2012,1551152,2013 (1888)
4,ABMD.O,Abiomed,reports,Health Care,Health Care Equipment,"Danvers, Massachusetts",5/31/2018,815094,1981
5,ACN,Accenture,reports,Information Technology,IT Consulting & Other Services,"Dublin, Ireland",7/6/2011,1467373,1989
6,ATVI.O,Activision Blizzard,reports,Communication Services,Interactive Home Entertainment,"Santa Monica, California",8/31/2015,718877,2008
7,ADM,ADM,reports,Consumer Staples,Agricultural Products,"Chicago, Illinois",7/29/1981,7084,1902
8,ADBE.O,Adobe Inc.,reports,Information Technology,Application Software,"San Jose, California",5/5/1997,796343,1982
9,ADP.O,ADP,reports,Information Technology,Data Processing & Outsourced Services,"Roseland, New Jersey",3/31/1981,8670,1949
10,AAP,Advance Auto Parts,reports,Consumer Discretionary,Automotive Retail,"Raleigh, North Carolina",7/9/2015,1158449,1932
11,AES,AES Corporation,reports,Utilities,Independent Power Producers & Energy Traders,"Arlington, Virginia",10/2/1998,874761,1981
12,AFL,Aflac,reports,Financials,Life & Health Insurance,"Columbus, Georgia",5/28/1999,4977,1955
13,A,Agilent Technologies,reports,Health Care,Health Care Equipment,"Santa Clara, California",6/5/2000,1090872,1999
14,APD,Air Products and Chemicals,reports,Materials,Industrial Gases,"Allentown, Pennsylvania",4/30/1985,2969,1940
15,AKAM.O,Akamai,reports,Information Technology,Internet Services & Infrastructure,"Cambridge, Massachusetts",7/12/2007,1086222,1998
16,ALK,Alaska Air Group,reports,Industrials,Airlines,"SeaTac, Washington",5/13/2016,766421,1985
17,ALB,Albemarle Corporation,reports,Materials,Specialty Chemicals,"Charlotte, North Carolina",7/1/2016,915913,1994
18,ARE,Alexandria Real Estate Equities,reports,Real Estate,Office REITs,"Pasadena, California",3/20/2017,1035443,1994
19,ALGN.O,Align Technology,reports,Health Care,Health Care Supplies,"Tempe, Arizona",6/19/2017,1097149,1997
20,ALLE.K,Allegion,reports,Industrials,Building Products,"New York City, New York",12/2/2013,1579241,1908
21,LNT.O,Alliant Energy,reports,Utilities,Electric Utilities,"Madison, Wisconsin",7/1/2016,352541,1917
22,ALL,Allstate,reports,Financials,Property & Casualty Insurance,"Northfield Township, Illinois",7/13/1995,899051,1931
23,GOOGL.O,Alphabet Inc. (Class A),reports,Communication Services,Interactive Media & Services,"Mountain View, California",4/3/2014,1652044,1998
24,GOOG.O,Alphabet Inc. (Class C),reports,Communication Services,Interactive Media & Services,"Mountain View, California",4/3/2006,1652044,1998
25,MO,Altria,reports,Consumer Staples,Tobacco,"Richmond, Virginia",3/4/1957,764180,1985
26,AMZN.O,Amazon,reports,Consumer Discretionary,Internet & Direct Marketing Retail,"Seattle, Washington",11/18/2005,1018724,1994
27,AMCR.K,Amcor,reports,Materials,Paper Packaging,"Warmley, Bristol, United Kingdom",6/7/2019,1748790,2019 (1860)
28,AMD.O,AMD,reports,Information Technology,Semiconductors,"Santa Clara, California",,2488,1969
29,AEE,Ameren,reports,Utilities,Multi-Utilities,"St. Louis, Missouri",9/19/1991,1002910,1902
30,AAL.O,American Airlines Group,reports,Industrials,Airlines,"Fort Worth, Texas",3/23/2015,6201,1934
31,AEP.O,American Electric Power,reports,Utilities,Electric Utilities,"Columbus, Ohio",3/4/1957,4904,1906
32,AXP,American Express,reports,Financials,Consumer Finance,"New York City, New York",6/30/1976,4962,1850
33,AIG,American International Group,reports,Financials,Property & Casualty Insurance,"New York City, New York",3/31/1980,5272,1919
34,AMT,American Tower,reports,Real Estate,Specialized REITs,"Boston, Massachusetts",11/19/2007,1053507,1995
35,AWK,American Water Works,reports,Utilities,Water Utilities,"Camden, New Jersey",3/4/2016,1410636,1886
36,AMP,Ameriprise Financial,reports,Financials,Asset Management & Custody Banks,"Minneapolis, Minnesota",10/3/2005,820027,1894
37,ABC,AmerisourceBergen,reports,Health Care,Health Care Distributors,"Conshohocken, Pennsylvania",8/30/2001,1140859,1985
38,AME,Ametek,reports,Industrials,Electrical Components & Equipment,"Berwyn, Pennsylvania",9/23/2013,1037868,1930
39,AMGN.O,Amgen,reports,Health Care,Biotechnology,"Thousand Oaks, California",1/2/1992,318154,1980
40,APH,Amphenol,reports,Information Technology,Electronic Components,"Wallingford, Connecticut",9/30/2008,820313,1932
41,ADI.O,Analog Devices,reports,Information Technology,Semiconductors,"Wilmington, Massachusetts",10/12/1999,6281,1965
42,ANSS.O,Ansys,reports,Information Technology,Application Software,"Canonsburg, Pennsylvania",6/19/2017,1013462,1969
43,AON,Aon,reports,Financials,Insurance Brokers,"London, UK",4/23/1996,315293,1982 (1919)
44,APA.O,APA Corporation,reports,Energy,Oil & Gas Exploration & Production,"Houston, Texas",7/28/1997,1841666,1954
45,AAPL.O,Apple Inc.,reports,Information Technology,"Technology Hardware, Storage & Peripherals","Cupertino, California",11/30/1982,320193,1977
46,AMAT.O,Applied Materials,reports,Information Technology,Semiconductor Equipment,"Santa Clara, California",3/16/1995,6951,1967
47,APTV.K,Aptiv,reports,Consumer Discretionary,Auto Parts & Equipment,"Dublin, Ireland",12/24/2012,1521332,1994
48,ACGL.O,Arch Capital Group,reports,Financials,Reinsurance,"Hamilton, Bermuda",11/1/2022,947484,1995
49,ANET.K,Arista Networks,reports,Information Technology,Communications Equipment,"Santa Clara, California",8/28/2018,1596532,2004
50,AJG,Arthur J. Gallagher & Co.,reports,Financials,Insurance Brokers,"Rolling Meadows, Illinois",5/31/2016,354190,1927
51,AIZ,Assurant,reports,Financials,Multi-line Insurance,"New York City, New York",4/10/2007,1267238,1892
52,T,AT&T,reports,Communication Services,Integrated Telecommunication Services,"Dallas, Texas",1983-11-30 (1957-03-04),732717,1983 (1885)
53,ATO,Atmos Energy,reports,Utilities,Gas Utilities,"Dallas, Texas",2/15/2019,731802,1906
54,ADSK.O,Autodesk,reports,Information Technology,Application Software,"San Francisco, California",12/1/1989,769397,1982
55,AZO,AutoZone,reports,Consumer Discretionary,Specialty Stores,"Memphis, Tennessee",1/2/1997,866787,1979
56,AVB,AvalonBay Communities,reports,Real Estate,Residential REITs,"Arlington, Virginia",1/10/2007,915912,1978
57,AVY,Avery Dennison,reports,Materials,Paper Packaging,"Glendale, California",12/31/1987,8818,1990
58,BKR.O,Baker Hughes,reports,Energy,Oil & Gas Equipment & Services,"Houston, Texas",7/7/2017,1701605,2017
59,BALL.K,Ball Corporation,reports,Materials,Metal & Glass Containers,"Broomfield, Colorado",10/31/1984,9389,1880
60,BAC,Bank of America,reports,Financials,Diversified Banks,"Charlotte, North Carolina",6/30/1976,70858,1998 (1923 / 1874)
61,BBWI.K,"Bath & Body Works, Inc.",reports,Consumer Discretionary,Specialty Stores,"Columbus, Ohio",9/30/1983,701985,1963
62,BAX,Baxter International,reports,Health Care,Health Care Equipment,"Deerfield, Illinois",9/30/1972,10456,1931
63,BDX,Becton Dickinson,reports,Health Care,Health Care Equipment,"Franklin Lakes, New Jersey",9/30/1972,10795,1897
64,WRB,Berkley,reports,Financials,Property & Casualty Insurance,"Greenwich, Connecticut",12/5/2019,11544,1967
65,BRKb,Berkshire Hathaway,reports,Financials,Multi-Sector Holdings,"Omaha, Nebraska",2/16/2010,1067983,1839
66,BBY,Best Buy,reports,Consumer Discretionary,Computer & Electronics Retail,"Richfield, Minnesota",6/29/1999,764478,1966
67,BIO,Bio-Rad,reports,Health Care,Life Sciences Tools & Services,"Hercules, California",6/22/2020,12208,1952
68,TECH.O,Bio-Techne,reports,Health Care,Life Sciences Tools & Services,"Minneapolis, Minnesota",8/30/2021,842023,1976
69,BIIB.O,Biogen,reports,Health Care,Biotechnology,"Cambridge, Massachusetts",11/13/2003,875045,1978
70,BLK,BlackRock,reports,Financials,Asset Management & Custody Banks,"New York City, New York",4/4/2011,1364742,1988
71,BK,BNY Mellon,reports,Financials,Asset Management & Custody Banks,"New York City, New York",3/31/1995,1390777,1784
72,BA,Boeing,reports,Industrials,Aerospace & Defense,"Chicago, Illinois",3/4/1957,12927,1916
73,BKNG.O,Booking Holdings,reports,Consumer Discretionary,Internet & Direct Marketing Retail,"Norwalk, Connecticut",11/6/2009,1075531,1996
74,BWA,BorgWarner,reports,Consumer Discretionary,Auto Parts & Equipment,"Auburn Hills, Michigan",12/19/2011,908255,1880
75,BXP,Boston Properties,reports,Real Estate,Office REITs,"Boston, Massachusetts",4/3/2006,1037540,1970
76,BSX,Boston Scientific,reports,Health Care,Health Care Equipment,"Marlborough, Massachusetts",2/24/1995,885725,1979
77,BMY,Bristol Myers Squibb,reports,Health Care,Health Care Distributors,"New York City, New York",3/4/1957,14272,1989
78,AVGO.O,Broadcom Inc.,reports,Information Technology,Semiconductors,"San Jose, California",5/8/2014,1730168,1961
79,BR,Broadridge Financial Solutions,reports,Information Technology,Data Processing & Outsourced Services,"Lake Success, New York",6/18/2018,1383312,1962
80,BRO,Brown & Brown,reports,Financials,Insurance Brokers,"Daytona Beach, Florida",9/20/2021,79282,1939
81,BFb,Brown–Forman,reports,Consumer Staples,Distillers & Vintners,"Louisville, Kentucky",10/31/1982,14693,1870
82,CHRW.O,C.H. Robinson,reports,Industrials,Air Freight & Logistics,"Eden Prairie, Minnesota",3/2/2007,1043277,1905
83,CDNS.O,Cadence Design Systems,reports,Information Technology,Application Software,"San Jose, California",9/18/2017,813672,1988
84,CZR.O,Caesars Entertainment,reports,Consumer Discretionary,Casinos & Gaming,"Reno, Nevada",3/22/2021,1590895,1973
85,CPT,Camden Property Trust,reports,Real Estate,Residential REITs,"Houston, Texas",4/4/2022,906345,1981
86,CPB,Campbell Soup Company,reports,Consumer Staples,Packaged Foods & Meats,"Camden, New Jersey",3/4/1957,16732,1869
87,COF,Capital One,reports,Financials,Consumer Finance,"Tysons Corner, Virginia",7/1/1998,927628,1994
88,CAH,Cardinal Health,reports,Health Care,Health Care Distributors,"Dublin, Ohio",5/27/1997,721371,1971
89,KMX,CarMax,reports,Consumer Discretionary,Automotive Retail,"Richmond, Virginia",6/28/2010,1170010,1993
90,CCL,Carnival,reports,Consumer Discretionary,"Hotels, Resorts & Cruise Lines","Miami, Florida",12/22/1998,815097,1972
91,CARR.K,Carrier Global,reports,Industrials,Building Products,"Palm Beach Gardens, Florida",4/3/2020,1783180,2020 (1915)
92,CTLT.K,Catalent,reports,Health Care,Pharmaceuticals,"Somerset, New Jersey",9/21/2020,1596783,2007
93,CAT,Caterpillar Inc.,reports,Industrials,Construction Machinery & Heavy Trucks,"Irving, Texas",3/4/1957,18230,1925
94,CBOE.K,Cboe Global Markets,reports,Financials,Financial Exchanges & Data,"Chicago, Illinois",3/1/2017,1374310,1973
95,CBRE.K,CBRE Group,reports,Real Estate,Real Estate Services,"Dallas, Texas",11/10/2006,1138118,1906
96,CDW.O,CDW,reports,Information Technology,Technology Distributors,"Lincolnshire, Illinois",9/23/2019,1402057,1984
97,CE,Celanese,reports,Materials,Specialty Chemicals,"Irving, Texas",12/24/2018,1306830,1918
98,CNC,Centene Corporation,reports,Health Care,Managed Health Care,"St. Louis, Missouri",3/30/2016,1071739,1984
99,CNP,CenterPoint Energy,reports,Utilities,Multi-Utilities,"Houston, Texas",7/31/1985,1130310,1882
100,CDAY.K,Ceridian,reports,Information Technology,Application Software,"Minneapolis, Minnesota",9/20/2021,1725057,1992
101,CF,CF Industries,reports,Materials,Fertilizers & Agricultural Chemicals,"Deerfield, Illinois",8/27/2008,1324404,1946
102,CRL,Charles River Laboratories,reports,Health Care,Life Sciences Tools & Services,"Wilmington, Massachusetts",5/14/2021,1100682,1947
103,SCHW.K,Charles Schwab Corporation,reports,Financials,Investment Banking & Brokerage,"Westlake, Texas",6/2/1997,316709,1971
104,CHTR.O,Charter Communications,reports,Communication Services,Cable & Satellite,"Stamford, Connecticut",9/8/2016,1091667,1993
105,CVX,Chevron Corporation,reports,Energy,Integrated Oil & Gas,"San Ramon, California",3/4/1957,93410,1879
106,CMG,Chipotle Mexican Grill,reports,Consumer Discretionary,Restaurants,"Newport Beach, California",4/28/2011,1058090,1993
107,CB,Chubb Limited,reports,Financials,Property & Casualty Insurance,"Zurich, Switzerland",7/15/2010,896159,1985
108,CHD,Church & Dwight,reports,Consumer Staples,Household Products,"Ewing, New Jersey",12/29/2015,313927,1847
109,CI,Cigna,reports,Health Care,Managed Health Care,"Bloomfield, Connecticut",6/30/1976,1739940,1982
110,CINF.O,Cincinnati Financial,reports,Financials,Property & Casualty Insurance,"Fairfield, Ohio",12/18/1997,20286,1950
111,CTAS.O,Cintas,reports,Industrials,Diversified Support Services,"Mason, Ohio",3/1/2001,723254,1929
112,CSCO.O,Cisco,reports,Information Technology,Communications Equipment,"San Jose, California",12/1/1993,858877,1984
113,C,Citigroup,reports,Financials,Diversified Banks,"New York City, New York",5/31/1988,831001,1998
114,CFG,Citizens Financial Group,reports,Financials,Regional Banks,"Providence, Rhode Island",1/29/2016,759944,1828
115,CLX,Clorox,reports,Consumer Staples,Household Products,"Oakland, California",3/31/1969,21076,1913
116,CME.O,CME Group,reports,Financials,Financial Exchanges & Data,"Chicago, Illinois",8/11/2006,1156375,1848
117,CMS,CMS Energy,reports,Utilities,Multi-Utilities,"Jackson, Michigan",5/3/1999,811156,1886
118,KO,The Coca-Cola Company,reports,Consumer Staples,Soft Drinks,"Atlanta, Georgia",3/4/1957,21344,1886
119,CTSH.O,Cognizant,reports,Information Technology,IT Consulting & Other Services,"Teaneck, New Jersey",11/17/2006,1058290,1994
120,CL,Colgate-Palmolive,reports,Consumer Staples,Household Products,"New York City, New York",3/4/1957,21665,1806
121,CMCSA.O,Comcast,reports,Communication Services,Cable & Satellite,"Philadelphia, Pennsylvania",11/19/2002,1166691,1963
122,CMA,Comerica,reports,Financials,Diversified Banks,"Dallas, Texas",12/1/1995,28412,1849
123,CAG,Conagra Brands,reports,Consumer Staples,Packaged Foods & Meats,"Chicago, Illinois",8/31/1983,23217,1919
124,COP,ConocoPhillips,reports,Energy,Oil & Gas Exploration & Production,"Houston, Texas",3/4/1957,1163165,2002
125,ED,Consolidated Edison,reports,Utilities,Electric Utilities,"New York City, New York",,1047862,1823
126,STZ,Constellation Brands,reports,Consumer Staples,Distillers & Vintners,"Victor, New York",7/1/2005,16918,1945
127,CEG.O,Constellation Energy,reports,Utilities,Multi-Utilities,"Baltimore, Maryland",2/2/2022,1868275,1999
128,COO,CooperCompanies,reports,Health Care,Health Care Supplies,"San Ramon, California",9/23/2016,711404,1958
129,CPRT.O,Copart,reports,Industrials,Diversified Support Services,"Dallas, Texas",7/2/2018,900075,1982
130,GLW,Corning Inc.,reports,Information Technology,Electronic Components,"Corning, New York",,24741,1851
131,CTVA.K,Corteva,reports,Materials,Fertilizers & Agricultural Chemicals,"Indianapolis, Indiana",6/3/2019,1755672,2019
132,CSGP.O,CoStar Group,reports,Industrials,Research & Consulting Services,"Washington, D.C.",9/19/2022,1057352,1987
133,COST.O,Costco,reports,Consumer Staples,Hypermarkets & Super Centers,"Issaquah, Washington",10/1/1993,909832,1976
134,CTRA.K,Coterra,reports,Energy,Oil & Gas Exploration & Production,"Houston, Texas",6/23/2008,858470,2021 (1989)
135,CCI,Crown Castle,reports,Real Estate,Specialized REITs,"Houston, Texas",3/14/2012,1051470,1994
136,CSX.O,CSX,reports,Industrials,Railroads,"Jacksonville, Florida",9/30/1967,277948,1980
137,CMI,Cummins,reports,Industrials,Industrial Machinery,"Columbus, Indiana",3/31/1965,26172,1919
138,CVS,CVS Health,reports,Health Care,Health Care Services,"Woonsocket, Rhode Island",3/4/1957,64803,1996
139,DHI,D.R. Horton,reports,Consumer Discretionary,Homebuilding,"Arlington, Texas",6/22/2005,882184,1978
140,DHR,Danaher Corporation,reports,Health Care,Health Care Equipment,"Washington, D.C.",,313616,1969
141,DRI,Darden Restaurants,reports,Consumer Discretionary,Restaurants,"Orlando, Florida",,940944,1938
142,DVA,DaVita Inc.,reports,Health Care,Health Care Facilities,"Denver, Colorado",7/31/2008,927066,1979
143,DE,John Deere,reports,Industrials,Agricultural & Farm Machinery,"Moline, Illinois",3/4/1957,315189,1837
144,DAL,Delta Air Lines,reports,Industrials,Airlines,"Atlanta, Georgia",9/11/2013,27904,1929
145,XRAY.O,Dentsply Sirona,reports,Health Care,Health Care Supplies,"Charlotte, North Carolina",11/14/2008,818479,2016 (1969)
146,DVN,Devon Energy,reports,Energy,Oil & Gas Exploration & Production,"Oklahoma City, Oklahoma",8/30/2000,1090012,1971
147,DXCM.O,Dexcom,reports,Health Care,Health Care Equipment,"San Diego, California",5/12/2020,1093557,1999
148,FANG.O,Diamondback Energy,reports,Energy,Oil & Gas Exploration & Production,"Midland, Texas",12/3/2018,1539838,2007
149,DLR,Digital Realty,reports,Real Estate,Specialized REITs,"Austin, Texas",5/18/2016,1297996,2004
150,DFS,Discover Financial,reports,Financials,Consumer Finance,"Riverwoods, Illinois",7/2/2007,1393612,1985
151,DISH.O,Dish Network,reports,Communication Services,Cable & Satellite,"Meridian, Colorado",3/13/2017,1001082,1980
152,DIS,Disney,reports,Communication Services,Movies & Entertainment,"Burbank, California",6/30/1976,1744489,1923
153,DG,Dollar General,reports,Consumer Discretionary,General Merchandise Stores,"Goodlettsville, Tennessee",12/3/2012,29534,1939
154,DLTR.O,Dollar Tree,reports,Consumer Discretionary,General Merchandise Stores,"Chesapeake, Virginia",12/19/2011,935703,1986
155,D,Dominion Energy,reports,Utilities,Electric Utilities,"Richmond, Virginia",,715957,1983
156,DPZ,Domino's,reports,Consumer Discretionary,Restaurants,"Ann Arbor, Michigan",5/12/2020,1286681,1960
157,DOV,Dover Corporation,reports,Industrials,Industrial Machinery,"Downers Grove, Illinois",10/31/1985,29905,1955
158,DOW,Dow Inc.,reports,Materials,Commodity Chemicals,"Midland, Michigan",4/1/2019,1751788,2019
159,DTE,DTE Energy,reports,Utilities,Multi-Utilities,"Detroit, Michigan",3/4/1957,936340,1995
160,DUK,Duke Energy,reports,Utilities,Electric Utilities,"Charlotte, North Carolina",6/30/1976,1326160,1904
161,DD,DuPont,reports,Materials,Specialty Chemicals,"Wilmington, Delaware",4/2/2019,1666700,2017
162,DXC,DXC Technology,reports,Information Technology,IT Consulting & Other Services,"Tysons Corner, Virginia",4/4/2017,1688568,2017
163,EMN,Eastman Chemical Company,reports,Materials,Diversified Chemicals,"Kingsport, Tennessee",1/1/1994,915389,1920
164,ETN,Eaton Corporation,reports,Industrials,Electrical Components & Equipment,"Dublin, Ireland",,1551182,1911
165,EBAY.O,eBay,reports,Consumer Discretionary,Internet & Direct Marketing Retail,"San Jose, California",7/22/2002,1065088,1995
166,ECL,Ecolab,reports,Materials,Specialty Chemicals,"Saint Paul, Minnesota",1/31/1989,31462,1923
167,EIX,Edison International,reports,Utilities,Electric Utilities,"Rosemead, California",3/4/1957,827052,1886
168,EW,Edwards Lifesciences,reports,Health Care,Health Care Equipment,"Irvine, California",4/1/2011,1099800,1958
169,EA.O,Electronic Arts,reports,Communication Services,Interactive Home Entertainment,"Redwood City, California",7/22/2002,712515,1982
170,ELV,Elevance Health,reports,Health Care,Managed Health Care,"Indianapolis, Indiana",7/25/2002,1156039,2014 (1946)
171,LLY,Eli Lilly and Company,reports,Health Care,Pharmaceuticals,"Indianapolis, Indiana",12/31/1970,59478,1876
172,EMR,Emerson Electric,reports,Industrials,Electrical Components & Equipment,"Ferguson, Missouri",3/31/1965,32604,1890
173,ENPH.O,Enphase,reports,Information Technology,Electronic Components,"Fremont, California",1/7/2021,1463101,2006
174,ETR,Entergy,reports,Utilities,Electric Utilities,"New Orleans, Louisiana",3/4/1957,65984,1913
175,EOG,EOG Resources,reports,Energy,Oil & Gas Exploration & Production,"Houston, Texas",11/2/2000,821189,1999
176,EPAM.K,EPAM Systems,reports,Information Technology,IT Consulting & Other Services,"Newtown, Pennsylvania",12/14/2021,1352010,1993
177,EQT,EQT,reports,Energy,Oil & Gas Exploration & Production,"Pittsburgh, Pennsylvania",10/3/2022,33213,1888
178,EFX,Equifax,reports,Industrials,Research & Consulting Services,"Atlanta, Georgia",6/19/1997,33185,1899
179,EQIX.O,Equinix,reports,Real Estate,Specialized REITs,"Redwood City, California",3/20/2015,1101239,1998
180,EQR,Equity Residential,reports,Real Estate,Residential REITs,"Chicago, Illinois",12/3/2001,906107,1969
181,ESS,Essex Property Trust,reports,Real Estate,Residential REITs,"San Mateo, California",4/2/2014,920522,1971
182,EL,The Estée Lauder Companies,reports,Consumer Staples,Personal Products,"New York City, New York",1/5/2006,1001250,1946
183,ETSY.O,Etsy,reports,Consumer Discretionary,Internet & Direct Marketing Retail,"New York City, New York",9/21/2020,1370637,2005
184,RE,Everest Re,reports,Financials,Reinsurance,"Hamilton, Bermuda",6/19/2017,1095073,1973
185,EVRG.K,Evergy,reports,Utilities,Electric Utilities,"Kansas City, Missouri",6/5/2018,1711269,1909
186,ES,Eversource,reports,Utilities,Multi-Utilities,"Hartford, Connecticut",2009,72741,1966
187,EXC.O,Exelon,reports,Utilities,Multi-Utilities,"Chicago, Illinois",3/4/1957,1109357,2000
188,EXPE.O,Expedia Group,reports,Consumer Discretionary,Internet & Direct Marketing Retail,"Seattle, Washington",10/2/2007,1324424,1996
189,EXPD.O,Expeditors International,reports,Industrials,Air Freight & Logistics,"Seattle, Washington",10/10/2007,746515,1979
190,EXR,Extra Space Storage,reports,Real Estate,Specialized REITs,"Salt Lake City, Utah",1/19/2016,1289490,1977
191,XOM,ExxonMobil,reports,Energy,Integrated Oil & Gas,"Irving, Texas",3/4/1957,34088,1999
192,FFIV.O,"F5, Inc.",reports,Information Technology,Communications Equipment,"Seattle, Washington",12/20/2010,1048695,1996
193,FDS,FactSet,reports,Financials,Financial Exchanges & Data,"Norwalk, Connecticut",12/20/2021,1013237,1978
194,FAST.O,Fastenal,reports,Industrials,Building Products,"Winona, Minnesota",9/15/2008,815556,1967
195,FRT,Federal Realty,reports,Real Estate,Retail REITs,"Rockville, Maryland",2/1/2016,34903,1962
196,FDX,FedEx,reports,Industrials,Air Freight & Logistics,"Memphis, Tennessee",12/31/1980,1048911,1971
197,FITB.O,Fifth Third Bank,reports,Financials,Regional Banks,"Cincinnati, Ohio",,35527,1858
198,FRC,First Republic Bank,reports,Financials,Regional Banks,"San Francisco, California",1/2/2019,1132979,1985
199,FE,FirstEnergy,reports,Utilities,Electric Utilities,"Akron, Ohio",,1031296,1997
200,FIS,FIS,reports,Information Technology,Data Processing & Outsourced Services,"Jacksonville, Florida",11/10/2006,1136893,1968
201,FISV.O,Fiserv,reports,Information Technology,Data Processing & Outsourced Services,"Brookfield, Wisconsin",4/2/2001,798354,1984
202,FLT,Fleetcor,reports,Information Technology,Data Processing & Outsourced Services,"Atlanta, Georgia",6/20/2018,1175454,2000
203,FMC,FMC Corporation,reports,Materials,Fertilizers & Agricultural Chemicals,"Philadelphia, Pennsylvania",8/19/2009,37785,1883
204,F,Ford Motor Company,reports,Consumer Discretionary,Automobile Manufacturers,"Dearborn, Michigan",3/4/1957,37996,1903
205,FTNT.O,Fortinet,reports,Information Technology,Systems Software,"Sunnyvale, California",10/11/2018,1262039,2000
206,FTV,Fortive,reports,Industrials,Industrial Machinery,"Everett, Washington",7/1/2016,1659166,2016
207,FBHS.K,Fortune Brands Home & Security,reports,Industrials,Building Products,"Deerfield, Illinois",6/22/2016,1519751,2011 (1969)
208,FOXA.O,Fox Corporation (Class A),reports,Communication Services,Movies & Entertainment,"New York City, New York",7/1/2013,1754301,2019
209,FOX.L,Fox Corporation (Class B),reports,Communication Services,Movies & Entertainment,"New York City, New York",9/18/2015,1754301,2019
210,BEN,Franklin Templeton,reports,Financials,Asset Management & Custody Banks,"San Mateo, California",,38777,1947
211,FCX,Freeport-McMoRan,reports,Materials,Copper,"Phoenix, Arizona",,831259,1912
212,GRMN.K,Garmin,reports,Consumer Discretionary,Consumer Electronics,"Schaffhausen, Switzerland",12/12/2012,1121788,1989
213,IT,Gartner,reports,Information Technology,IT Consulting & Other Services,"Stamford, Connecticut",4/5/2017,749251,1979
214,GNRC.K,Generac,reports,Industrials,Electrical Components & Equipment,"Waukesha, Wisconsin",3/22/2021,1474735,1959
215,GD,General Dynamics,reports,Industrials,Aerospace & Defense,"Falls Church, Virginia",3/4/1957,40533,1899
216,GE,General Electric,reports,Industrials,Industrial Conglomerates,"Boston, Massachusetts",,40545,1892
217,GIS,General Mills,reports,Consumer Staples,Packaged Foods & Meats,"Golden Valley, Minnesota",3/31/1969,40704,1856
218,GM,General Motors,reports,Consumer Discretionary,Automobile Manufacturers,"Detroit, Michigan",6/6/2013,1467858,1908
219,GPC,Genuine Parts Company,reports,Consumer Discretionary,Specialty Stores,"Atlanta, Georgia",12/31/1973,40987,1925
220,GILD.O,Gilead Sciences,reports,Health Care,Biotechnology,"Foster City, California",7/1/2004,882095,1987
221,GL,Globe Life,reports,Financials,Life & Health Insurance,"McKinney, Texas",4/30/1989,320335,1900
222,GPN,Global Payments,reports,Information Technology,Data Processing & Outsourced Services,"Atlanta, Georgia",4/25/2016,1123360,2000
223,GS,Goldman Sachs,reports,Financials,Investment Banking & Brokerage,"New York City, New York",7/22/2002,886982,1869
224,HAL,Halliburton,reports,Energy,Oil & Gas Equipment & Services,"Houston, Texas",3/4/1957,45012,1919
225,HIG,Hartford (The),reports,Financials,Property & Casualty Insurance,"Hartford, Connecticut",3/4/1957,874766,1810
226,HAS.O,Hasbro,reports,Consumer Discretionary,Leisure Products,"Pawtucket, Rhode Island",9/30/1984,46080,1923
227,HCA,HCA Healthcare,reports,Health Care,Health Care Facilities,"Nashville, Tennessee",1/27/2015,860730,1968
228,PEAK.K,Healthpeak,reports,Real Estate,Health Care REITs,"Long Beach, California",3/31/2008,765880,1985
229,HSIC.O,Henry Schein,reports,Health Care,Health Care Distributors,"Melville, New York",3/17/2015,1000228,1932
230,HSY,Hershey's,reports,Consumer Staples,Packaged Foods & Meats,"Hershey, Pennsylvania",3/4/1957,47111,1894
231,HES,Hess Corporation,reports,Energy,Integrated Oil & Gas,"New York City, New York",5/31/1984,4447,1919
232,HPE,Hewlett Packard Enterprise,reports,Information Technology,"Technology Hardware, Storage & Peripherals","Houston, Texas",11/2/2015,1645590,2015
233,HLT,Hilton Worldwide,reports,Consumer Discretionary,"Hotels, Resorts & Cruise Lines","Tysons Corner, Virginia",6/19/2017,1585689,1919
234,HOLX.O,Hologic,reports,Health Care,Health Care Equipment,"Marlborough, Massachusetts",3/30/2016,859737,1985
235,HD,The Home Depot,reports,Consumer Discretionary,Home Improvement Retail,"Atlanta, Georgia",3/31/1988,354950,1978
236,HON.O,Honeywell,reports,Industrials,Industrial Conglomerates,"Charlotte, North Carolina",3/31/1964,773840,1906
237,HRL,Hormel Foods,reports,Consumer Staples,Packaged Foods & Meats,"Austin, Minnesota",3/4/2009,48465,1891
238,HST.O,Host Hotels & Resorts,reports,Real Estate,Hotel & Resort REITs,"Bethesda, Maryland",3/20/2007,1070750,1993
239,HWM,Howmet Aerospace,reports,Industrials,Aerospace & Defense,"Pittsburgh, Pennsylvania",3/31/1964,4281,2016
240,HPQ,HP Inc.,reports,Information Technology,"Technology Hardware, Storage & Peripherals","Palo Alto, California",12/31/1974,47217,1939 (2015)
241,HUM,Humana,reports,Health Care,Managed Health Care,"Louisville, Kentucky",,49071,1961
242,HBAN.O,Huntington Bancshares,reports,Financials,Regional Banks,"Columbus, Ohio; Detroit, Michigan",,49196,1866
243,HII,Huntington Ingalls Industries,reports,Industrials,Aerospace & Defense,"Newport News, Virginia",1/3/2018,1501585,2011
244,IBM,IBM,reports,Information Technology,IT Consulting & Other Services,"Armonk, New York",3/4/1957,51143,1911
245,IEX,IDEX Corporation,reports,Industrials,Industrial Machinery,"Lake Forest, Illinois",8/9/2019,832101,1988
246,IDXX.O,Idexx Laboratories,reports,Health Care,Health Care Equipment,"Westbrook, Maine",1/5/2017,874716,1983
247,ITW,Illinois Tool Works,reports,Industrials,Industrial Machinery,"Glenview, Illinois",2/28/1986,49826,1912
248,ILMN.O,Illumina,reports,Health Care,Life Sciences Tools & Services,"San Diego, California",11/19/2015,1110803,1998
249,INCY.O,Incyte,reports,Health Care,Biotechnology,"Wilmington, Delaware",2/28/2017,879169,1991
250,IR,Ingersoll Rand,reports,Industrials,Industrial Machinery,"Davidson, North Carolina",3/3/2020,1699150,1859
251,INTC.O,Intel,reports,Information Technology,Semiconductors,"Santa Clara, California",12/31/1976,50863,1968
252,ICE,Intercontinental Exchange,reports,Financials,Financial Exchanges & Data,"Atlanta, Georgia",9/26/2007,1571949,2000
253,IP,International Paper,reports,Materials,Paper Packaging,"Memphis, Tennessee",3/4/1957,51434,1898
254,IPG,The Interpublic Group of Companies,reports,Communication Services,Advertising,"New York City, New York",10/1/1992,51644,1961 (1930)
255,IFF,International Flavors & Fragrances,reports,Materials,Specialty Chemicals,"New York City, New York",3/31/1976,51253,1958 (1889)
256,INTU.O,Intuit,reports,Information Technology,Application Software,"Mountain View, California",12/5/2000,896878,1983
257,ISRG.O,Intuitive Surgical,reports,Health Care,Health Care Equipment,"Sunnyvale, California",6/2/2008,1035267,1995
258,IVZ,Invesco,reports,Financials,Asset Management & Custody Banks,"Atlanta, Georgia",8/21/2008,914208,1935
259,INVH.K,Invitation Homes,reports,Real Estate,Residential REITs,"Dallas, Texas",9/19/2022,1687229,2012
260,IQV,IQVIA,reports,Health Care,Life Sciences Tools & Services,"Durham, North Carolina",8/29/2017,1478242,1982
261,IRM,Iron Mountain,reports,Real Estate,Specialized REITs,"Boston, Massachusetts",1/6/2009,1020569,1951
262,JBHT.O,J.B. Hunt,reports,Industrials,Trucking,"Lowell, Arkansas",7/1/2015,728535,1961
263,JKHY.O,Jack Henry & Associates,reports,Information Technology,Data Processing & Outsourced Services,"Monett, Missouri",11/13/2018,779152,1976
264,J,Jacobs Solutions,reports,Industrials,Construction & Engineering,"Dallas, Texas",10/26/2007,52988,1947
265,JNJ,Johnson & Johnson,reports,Health Care,Pharmaceuticals,"New Brunswick, New Jersey",6/30/1973,200406,1886
266,JCI,Johnson Controls,reports,Industrials,Building Products,"Cork, Ireland",8/27/2010,833444,1885
267,JPM,JPMorgan Chase,reports,Financials,Diversified Banks,"New York City, New York",6/30/1975,19617,2000 (1799 / 1871)
268,JNPR.K,Juniper Networks,reports,Information Technology,Communications Equipment,"Sunnyvale, California",6/2/2006,1043604,1996
269,K,Kellogg's,reports,Consumer Staples,Packaged Foods & Meats,"Battle Creek, Michigan",9/11/1989,55067,1906
270,KDP.O,Keurig Dr Pepper,reports,Consumer Staples,Soft Drinks,"Burlington, Massachusetts",6/21/2022,1418135,1981
271,KEY,KeyCorp,reports,Financials,Regional Banks,"Cleveland, Ohio",3/1/1994,91576,1825
272,KEYS.K,Keysight,reports,Information Technology,Electronic Equipment & Instruments,"Santa Rosa, California",11/6/2018,1601046,2014
273,KMB,Kimberly-Clark,reports,Consumer Staples,Household Products,"Irving, Texas",3/4/1957,55785,1872
274,KIM,Kimco Realty,reports,Real Estate,Retail REITs,"New Hyde Park, New York",4/4/2006,879101,1958
275,KMI,Kinder Morgan,reports,Energy,Oil & Gas Storage & Transportation,"Houston, Texas",5/25/2012,1506307,1997
276,KLAC.O,KLA Corporation,reports,Information Technology,Semiconductor Equipment,"Milpitas, California",,319201,1975/1977 (1997)
277,KHC.O,Kraft Heinz,reports,Consumer Staples,Packaged Foods & Meats,"Chicago, Illinois; Pittsburgh, Pennsylvania",7/6/2015,1637459,2015 (1869)
278,KR,Kroger,reports,Consumer Staples,Food Retail,"Cincinnati, Ohio",3/4/1957,56873,1883
279,LHX,L3Harris,reports,Industrials,Aerospace & Defense,"Melbourne, Florida",9/22/2008,202058,2019 (1895)
280,LH,LabCorp,reports,Health Care,Health Care Services,"Burlington, North Carolina",11/1/2004,920148,1978
281,LRCX.O,Lam Research,reports,Information Technology,Semiconductor Equipment,"Fremont, California",6/29/2012,707549,1980
282,LW,Lamb Weston,reports,Consumer Staples,Packaged Foods & Meats,"Eagle, Idaho",12/3/2018,1679273,2016 (1950)
283,LVS,Las Vegas Sands,reports,Consumer Discretionary,Casinos & Gaming,"Las Vegas, Nevada",10/3/2019,1300514,1988
284,LDOS.K,Leidos,reports,Industrials,Diversified Support Services,"Reston, Virginia",8/9/2019,1336920,1969
285,LEN,Lennar,reports,Consumer Discretionary,Homebuilding,"Miami, Florida",10/4/2005,920760,1954
286,LNC,Lincoln Financial,reports,Financials,Multi-line Insurance,"Radnor, Pennsylvania",6/30/1976,59558,1905
287,LIN,Linde plc,reports,Materials,Industrial Gases,"Guildford, United Kingdom",7/1/1992,1707925,1879
288,LYV,Live Nation Entertainment,reports,Communication Services,Movies & Entertainment,"Beverly Hills, California",12/23/2019,1335258,2010
289,LKQ.O,LKQ Corporation,reports,Consumer Discretionary,Distributors,"Chicago, Illinois",5/23/2016,1065696,1998
290,LMT,Lockheed Martin,reports,Industrials,Aerospace & Defense,"Bethesda, Maryland",7/31/1984,936468,1995
291,L,Loews Corporation,reports,Financials,Multi-line Insurance,"New York City, New York",,60086,1959
292,LOW,Lowe's,reports,Consumer Discretionary,Home Improvement Retail,"Mooresville, North Carolina",2/29/1984,60667,1904/1946/1959
293,LUMN.K,Lumen Technologies,reports,Communication Services,Alternative Carriers,"Monroe, Louisiana",3/25/1999,18926,1983 (1877)
294,LYB,LyondellBasell,reports,Materials,Specialty Chemicals,"Rotterdam, Netherlands",9/5/2012,1489393,2007
295,MTB,M&T Bank,reports,Financials,Regional Banks,"Buffalo, New York",2/23/2004,36270,1856
296,MRO,Marathon Oil,reports,Energy,Oil & Gas Exploration & Production,"Houston, Texas",5/1/1991,101778,1887
297,MPC,Marathon Petroleum,reports,Energy,Oil & Gas Refining & Marketing,"Findlay, Ohio",7/1/2011,1510295,2009 (1887)
298,MKTX.O,MarketAxess,reports,Financials,Financial Exchanges & Data,"New York City, New York",7/1/2019,1278021,2000
299,MAR.O,Marriott International,reports,Consumer Discretionary,"Hotels, Resorts & Cruise Lines","Bethesda, Maryland",,1048286,1927
300,MMC,Marsh McLennan,reports,Financials,Insurance Brokers,"New York City, New York",8/31/1987,62709,1905
301,MLM,Martin Marietta Materials,reports,Materials,Construction Materials,"Raleigh, North Carolina",7/2/2014,916076,1993
302,MAS,Masco,reports,Industrials,Building Products,"Livonia, Michigan",6/30/1981,62996,1929
303,MA,Mastercard,reports,Information Technology,Data Processing & Outsourced Services,"Harrison, New York",7/18/2008,1141391,1966
304,MTCH.O,Match Group,reports,Communication Services,Interactive Media & Services,"Dallas, Texas",9/20/2021,891103,1986
305,MKC,McCormick & Company,reports,Consumer Staples,Packaged Foods & Meats,"Hunt Valley, Maryland",3/20/2003,63754,1889
306,MCD,McDonald's,reports,Consumer Discretionary,Restaurants,"Chicago, Illinois",6/30/1970,63908,1940
307,MCK,McKesson,reports,Health Care,Health Care Distributors,"Irving, Texas",,927653,1833
308,MDT,Medtronic,reports,Health Care,Health Care Equipment,"Dublin, Ireland",10/31/1986,1613103,1949
309,MRK,Merck & Co.,reports,Health Care,Pharmaceuticals,"Kenilworth, New Jersey",3/4/1957,310158,1891
310,META.O,Meta Platforms,reports,Communication Services,Interactive Media & Services,"Menlo Park, California",12/23/2013,1326801,2004
311,MET,MetLife,reports,Financials,Life & Health Insurance,"New York City, New York",,1099219,1868
312,MTD,Mettler Toledo,reports,Health Care,Life Sciences Tools & Services,"Columbus, Ohio",9/6/2016,1037646,1945
313,MGM,MGM Resorts,reports,Consumer Discretionary,Casinos & Gaming,"Paradise, Nevada",7/26/2017,789570,1986
314,MCHP.O,Microchip Technology,reports,Information Technology,Semiconductors,"Chandler, Arizona",9/7/2007,827054,1989
315,MU.O,Micron Technology,reports,Information Technology,Semiconductors,"Boise, Idaho",9/27/1994,723125,1978
316,MSFT.O,Microsoft,reports,Information Technology,Systems Software,"Redmond, Washington",6/1/1994,789019,1975
317,MAA,Mid-America Apartment Communities,reports,Real Estate,Residential REITs,"Memphis, Tennessee",12/2/2016,912595,1977
318,MRNA.O,Moderna,reports,Health Care,Biotechnology,"Cambridge, Massachusetts",7/21/2021,1682852,2010
319,MHK,Mohawk Industries,reports,Consumer Discretionary,Home Furnishings,"Calhoun, Georgia",12/23/2013,851968,1878
320,MOH,Molina Healthcare,reports,Health Care,Managed Health Care,"Long Beach, California",3/2/2022,1179929,1980
321,TAP,Molson Coors Beverage Company,reports,Consumer Staples,Brewers,"Chicago, Illinois",6/30/1976,24545,"2005 (Molson 1786, Coors 1873)"
322,MDLZ.O,Mondelez International,reports,Consumer Staples,Packaged Foods & Meats,"Chicago, Illinois",10/2/2012,1103982,2012
323,MPWR.O,Monolithic Power Systems,reports,Information Technology,Semiconductors,"Kirkland, Washington",2/12/2021,1280452,1997
324,MNST.O,Monster Beverage,reports,Consumer Staples,Soft Drinks,"Corona, California",6/28/2012,865752,2012 (1935)
325,MCO,Moody's Corporation,reports,Financials,Financial Exchanges & Data,"New York City, New York",,1059556,1909
326,MS,Morgan Stanley,reports,Financials,Investment Banking & Brokerage,"New York City, New York",,895421,1935
327,MOS,The Mosaic Company,reports,Materials,Fertilizers & Agricultural Chemicals,"Tampa, Florida",9/26/2011,1285785,2004 (1865 / 1909)
328,MSI,Motorola Solutions,reports,Information Technology,Communications Equipment,"Chicago, Illinois",,68505,1928 (2011)
329,MSCI.K,MSCI,reports,Financials,Financial Exchanges & Data,"New York City, New York",4/4/2018,1408198,1969
330,NDAQ.O,"Nasdaq, Inc.",reports,Financials,Financial Exchanges & Data,"New York City, New York",10/22/2008,1120193,1971
331,NTAP.O,NetApp,reports,Information Technology,"Technology Hardware, Storage & Peripherals","San Jose, California",6/25/1999,1002047,1992
332,NFLX.O,Netflix,reports,Communication Services,Movies & Entertainment,"Los Gatos, California",12/20/2010,1065280,1997
333,NWL.O,Newell Brands,reports,Consumer Discretionary,Housewares & Specialties,"Atlanta, Georgia",4/30/1989,814453,1903
334,NEM,Newmont,reports,Materials,Gold,"Denver, Colorado",6/30/1969,1164727,1921
335,NWSA.O,News Corp (Class A),reports,Communication Services,Publishing,"New York City, New York",8/1/2013,1564708,2013 (1980)
336,NWS.O,News Corp (Class B),reports,Communication Services,Publishing,"New York City, New York",9/18/2015,1564708,2013 (1980)
337,NEE,NextEra Energy,reports,Utilities,Multi-Utilities,"Juno Beach, Florida",6/30/1976,753308,1984 (1925)
338,NKE,"Nike, Inc.",reports,Consumer Discretionary,"Apparel, Accessories & Luxury Goods","Washington County, Oregon",11/30/1988,320187,1964
339,NI,NiSource,reports,Utilities,Multi-Utilities,"Merrillville, Indiana",,1111711,1912
340,NDSN.O,Nordson Corporation,reports,Industrials,Industrial Machinery,"Westlake, Ohio",2/15/2022,72331,1935
341,NSC,Norfolk Southern Railway,reports,Industrials,Railroads,"Norfolk, Virginia",3/4/1957,702165,1881/1894 (1980)
342,NTRS.O,Northern Trust,reports,Financials,Asset Management & Custody Banks,"Chicago, Illinois",,73124,1889
343,NOC,Northrop Grumman,reports,Industrials,Aerospace & Defense,"West Falls Church, Virginia",6/30/1985,1133421,"1994 (Northrop 1939, Grumman 1930)"
344,NLOK.O,NortonLifeLock,reports,Information Technology,Application Software,"Tempe, Arizona",3/25/2003,849399,1982
345,NCLH.K,Norwegian Cruise Line Holdings,reports,Consumer Discretionary,"Hotels, Resorts & Cruise Lines","Miami, Florida",10/13/2017,1513761,2011 (1966)
346,NRG,NRG Energy,reports,Utilities,Independent Power Producers & Energy Traders,"Houston, Texas",1/29/2010,1013871,1992
347,NUE,Nucor,reports,Materials,Steel,"Charlotte, North Carolina",4/30/1985,73309,1940
348,NVDA.O,Nvidia,reports,Information Technology,Semiconductors,"Santa Clara, California",11/30/2001,1045810,1993
349,NVR,"NVR, Inc.",reports,Consumer Discretionary,Homebuilding,"Reston, Virginia",9/26/2019,906163,1980
350,NXPI.O,NXP Semiconductors,reports,Information Technology,Semiconductors,"Eindhoven, Netherlands",3/22/2021,1413447,1953
351,ORLY.O,O'Reilly Auto Parts,reports,Consumer Discretionary,Specialty Stores,"Springfield, Missouri",3/27/2009,898173,1957
352,OXY,Occidental Petroleum,reports,Energy,Oil & Gas Exploration & Production,"Houston, Texas",12/31/1982,797468,1920
353,ODFL.O,Old Dominion,reports,Industrials,Trucking,"Thomasville, North Carolina",12/9/2019,878927,1934
354,OMC,Omnicom Group,reports,Communication Services,Advertising,"New York City, New York",,29989,1986
355,ON.O,ON Semiconductor,reports,Information Technology,Semiconductors,"Phoenix, Arizona",6/21/2022,1097864,1999
356,OKE,Oneok,reports,Energy,Oil & Gas Storage & Transportation,"Tulsa, Oklahoma",3/15/2010,1039684,1906
357,ORCL.K,Oracle Corporation,reports,Information Technology,Application Software,"Austin, Texas",8/31/1989,1341439,1977
358,OGN,Organon & Co.,reports,Health Care,Pharmaceuticals,"Jersey City, New Jersey",6/3/2021,1821825,2021
359,OTIS.K,Otis Worldwide,reports,Industrials,Industrial Machinery,"Farmington, Connecticut",4/3/2020,1781335,2020 (1853)
360,PCAR.O,Paccar,reports,Industrials,Construction Machinery & Heavy Trucks,"Bellevue, Washington",12/31/1980,75362,1905
361,PKG,Packaging Corporation of America,reports,Materials,Paper Packaging,"Lake Forest, Illinois",7/26/2017,75677,1959
362,PARA.O,Paramount Global,reports,Communication Services,Movies & Entertainment,"New York City, New York",,813828,2019 (1952)
363,PH,Parker Hannifin,reports,Industrials,Industrial Machinery,"Cleveland, Ohio",11/30/1985,76334,1917
364,PAYX.O,Paychex,reports,Information Technology,Data Processing & Outsourced Services,"Penfield, New York",,723531,1971
365,PAYC.K,Paycom,reports,Information Technology,Application Software,"Oklahoma City, Oklahoma",1/28/2020,1590955,1998
366,PYPL.O,PayPal,reports,Information Technology,Data Processing & Outsourced Services,"San Jose, California",7/20/2015,1633917,1998
367,PNR,Pentair,reports,Industrials,Industrial Machinery,"Worsley, United Kingdom",10/1/2012,77360,1966
368,PEP.O,PepsiCo,reports,Consumer Staples,Soft Drinks,"Purchase, New York",3/4/1957,77476,1898
369,PKI,PerkinElmer,reports,Health Care,Health Care Equipment,"Waltham, Massachusetts",5/31/1985,31791,1937
370,PFE,Pfizer,reports,Health Care,Pharmaceuticals,"New York City, New York",3/4/1957,78003,1849
371,PCG,PG&E,reports,Utilities,Multi-Utilities,"San Francisco, California",10/3/2022,1004980,1905
372,PM,Philip Morris International,reports,Consumer Staples,Tobacco,"New York City, New York",3/31/2008,1413329,2008 (1847)
373,PSX,Phillips 66,reports,Energy,Oil & Gas Refining & Marketing,"Houston, Texas",5/1/2012,1534701,2012 (1917)
374,PNW,Pinnacle West,reports,Utilities,Multi-Utilities,"Phoenix, Arizona",,764622,1985
375,PXD,Pioneer Natural Resources,reports,Energy,Oil & Gas Exploration & Production,"Irving, Texas",9/24/2008,1038357,1997
376,PNC,PNC Financial Services,reports,Financials,Regional Banks,"Pittsburgh, Pennsylvania",4/30/1988,713676,1845
377,POOL.O,Pool Corporation,reports,Consumer Discretionary,Distributors,"Covington, Louisiana",10/7/2020,945841,1993
378,PPG,PPG Industries,reports,Materials,Specialty Chemicals,"Pittsburgh, Pennsylvania",3/4/1957,79879,1883
379,PPL,PPL Corporation,reports,Utilities,Electric Utilities,"Allentown, Pennsylvania",,922224,1920
380,PFG.O,Principal Financial Group,reports,Financials,Life & Health Insurance,"Des Moines, Iowa",7/22/2002,1126328,1879
381,PG,Procter & Gamble,reports,Consumer Staples,Personal Products,"Cincinnati, Ohio",3/4/1957,80424,1837
382,PGR,Progressive Corporation,reports,Financials,Property & Casualty Insurance,"Mayfield Village, Ohio",8/4/1997,80661,1937
383,PLD,Prologis,reports,Real Estate,Industrial REITs,"San Francisco, California",7/17/2003,1045609,1983
384,PRU,Prudential Financial,reports,Financials,Life & Health Insurance,"Newark, New Jersey",7/22/2002,1137774,1875
385,PEG,Public Service Enterprise Group,reports,Utilities,Electric Utilities,"Newark, New Jersey",3/4/1957,788784,1903
386,PTC.O,PTC,reports,Information Technology,Application Software,"Boston, Massachusetts",4/20/2021,857005,1985
387,PSA,Public Storage,reports,Real Estate,Specialized REITs,"Glendale, California",8/19/2005,1393311,1972
388,PHM,PulteGroup,reports,Consumer Discretionary,Homebuilding,"Atlanta, Georgia",4/30/1984,822416,1956
389,QRVO.O,Qorvo,reports,Information Technology,Semiconductors,"Greensboro, North Carolina",6/11/2015,1604778,2015
390,PWR,Quanta Services,reports,Industrials,Construction & Engineering,"Houston, Texas",7/1/2009,1050915,1997
391,QCOM.O,Qualcomm,reports,Information Technology,Semiconductors,"San Diego, California",,804328,1985
392,DGX,Quest Diagnostics,reports,Health Care,Health Care Services,"Secaucus, New Jersey",12/12/2002,1022079,1967
393,RL,Ralph Lauren Corporation,reports,Consumer Discretionary,"Apparel, Accessories & Luxury Goods","New York City, New York",2/2/2007,1037038,1967
394,RJF,Raymond James,reports,Financials,Investment Banking & Brokerage,"St. Petersburg, Florida",3/20/2017,720005,1962
395,RTX,Raytheon Technologies,reports,Industrials,Aerospace & Defense,"Waltham, Massachusetts",,101829,1922
396,O,Realty Income,reports,Real Estate,Retail REITs,"San Diego, California",4/7/2015,726728,1969
397,REG.O,Regency Centers,reports,Real Estate,Retail REITs,"Jacksonville, Florida",3/2/2017,910606,1963
398,REGN.O,Regeneron,reports,Health Care,Biotechnology,"Tarrytown, New York",5/1/2013,872589,1988
399,RF,Regions Financial Corporation,reports,Financials,Regional Banks,"Birmingham, Alabama",8/28/1998,1281761,1971
400,RSG,Republic Services,reports,Industrials,Environmental & Facilities Services,"Phoenix, Arizona",12/5/2008,1060391,1998 (1981)
401,RMD,ResMed,reports,Health Care,Health Care Equipment,"San Diego, California",7/26/2017,943819,1989
402,RHI,Robert Half,reports,Industrials,Human Resource & Employment Services,"Menlo Park, California",12/5/2000,315213,1948
403,ROK,Rockwell Automation,reports,Industrials,Electrical Components & Equipment,"Milwaukee, Wisconsin",,1024478,1903
404,ROL,"Rollins, Inc.",reports,Industrials,Environmental & Facilities Services,"Atlanta, Georgia",10/1/2018,84839,1948
405,ROP,Roper Technologies,reports,Information Technology,Electronic Equipment & Instruments,"Sarasota, Florida",12/23/2009,882835,1981
406,ROST.O,Ross Stores,reports,Consumer Discretionary,Apparel Retail,"Dublin, California",12/21/2009,745732,1982
407,RCL,Royal Caribbean Group,reports,Consumer Discretionary,"Hotels, Resorts & Cruise Lines","Miami, Florida",12/5/2014,884887,1997
408,SPGI.K,S&P Global,reports,Financials,Financial Exchanges & Data,"New York City, New York",,64040,1917
409,CRM,Salesforce,reports,Information Technology,Application Software,"San Francisco, California",9/15/2008,1108524,1999
410,SBAC.O,SBA Communications,reports,Real Estate,Specialized REITs,"Boca Raton, Florida",9/1/2017,1034054,1989
411,SLB,Schlumberger,reports,Energy,Oil & Gas Equipment & Services,"Curaçao, Kingdom of the Netherlands",3/31/1965,87347,1926
412,STX.O,Seagate Technology,reports,Information Technology,"Technology Hardware, Storage & Peripherals","Dublin, Ireland",7/2/2012,1137789,1979
413,SEE,Sealed Air,reports,Materials,Paper Packaging,"Charlotte, North Carolina",3/4/1957,1012100,1960
414,SRE,Sempra Energy,reports,Utilities,Multi-Utilities,"San Diego, California",,1032208,1998
415,NOW,ServiceNow,reports,Information Technology,Systems Software,"Santa Clara, California",11/21/2019,1373715,2003
416,SHW,Sherwin-Williams,reports,Materials,Specialty Chemicals,"Cleveland, Ohio",6/30/1964,89800,1866
417,SBNY.O,Signature Bank,reports,Financials,Regional Banks,"New York City, New York",12/20/2021,1288784,2001
418,SPG,Simon Property Group,reports,Real Estate,Retail REITs,"Indianapolis, Indiana",6/26/2002,1063761,2003
419,SWKS.O,Skyworks Solutions,reports,Information Technology,Semiconductors,"Irvine, California",3/12/2015,4127,2002
420,SJM,The J.M. Smucker Company,reports,Consumer Staples,Packaged Foods & Meats,"Orrville, Ohio",11/6/2008,91419,1897
421,SNA,Snap-on,reports,Industrials,Industrial Machinery,"Kenosha, Wisconsin",9/30/1982,91440,1920
422,SEDG.O,SolarEdge,reports,Information Technology,Semiconductor Equipment,"Herzliya, Israel",12/20/2021,1419612,2006
423,SO,Southern Company,reports,Utilities,Electric Utilities,"Atlanta, Georgia",3/4/1957,92122,1945
424,LUV,Southwest Airlines,reports,Industrials,Airlines,"Dallas, Texas",7/1/1994,92380,1967
425,SWK,Stanley Black & Decker,reports,Industrials,Industrial Machinery,"New Britain, Connecticut",9/30/1982,93556,1843
426,SBUX.O,Starbucks,reports,Consumer Discretionary,Restaurants,"Seattle, Washington",6/7/2000,829224,1971
427,STT,State Street Corporation,reports,Financials,Asset Management & Custody Banks,"Boston, Massachusetts",,93751,1792
428,STE,Steris,reports,Health Care,Health Care Equipment,"Dublin, Ireland",12/23/2019,1757898,1985
429,SYK,Stryker Corporation,reports,Health Care,Health Care Equipment,"Kalamazoo, Michigan",12/12/2000,310764,1941
430,SIVB.O,SVB Financial,reports,Financials,Regional Banks,"Santa Clara, California",3/19/2018,719739,1983
431,SYF,Synchrony Financial,reports,Financials,Consumer Finance,"Stamford, Connecticut",11/18/2015,1601712,2003
432,SNPS.O,Synopsys,reports,Information Technology,Application Software,"Mountain View, California",3/16/2017,883241,1986
433,SYY,Sysco,reports,Consumer Staples,Food Distributors,"Houston, Texas",12/31/1986,96021,1969
434,TMUS.O,T-Mobile US,reports,Communication Services,Wireless Telecommunication Services,"Bellevue, Washington",7/15/2019,1283699,1994
435,TROW.O,T. Rowe Price,reports,Financials,Asset Management & Custody Banks,"Baltimore, Maryland",,1113169,1937
436,TTWO.O,Take-Two Interactive,reports,Communication Services,Interactive Home Entertainment,"New York City, New York",3/19/2018,946581,1993
437,TPR,"Tapestry, Inc.",reports,Consumer Discretionary,"Apparel, Accessories & Luxury Goods","New York City, New York",,1116132,2017
438,TRGP.K,Targa Resources,reports,Energy,Oil & Gas Storage & Transportation,"Houston, Texas",10/12/2022,1389170,2005
439,TGT,Target Corporation,reports,Consumer Discretionary,General Merchandise Stores,"Minneapolis, Minnesota",12/31/1976,27419,1902
440,TEL,TE Connectivity,reports,Information Technology,Electronic Manufacturing Services,"Schaffhausen, Switzerland",10/17/2011,1385157,2007
441,TDY,Teledyne Technologies,reports,Information Technology,Electronic Equipment & Instruments,"Thousand Oaks, California",6/22/2020,1094285,1960
442,TFX,Teleflex,reports,Health Care,Health Care Equipment,"Wayne, Pennsylvania",1/18/2019,96943,1943
443,TER.O,Teradyne,reports,Information Technology,Semiconductor Equipment,"North Reading, Massachusetts",9/21/2020,97210,1960
444,TSLA.O,"Tesla, Inc.",reports,Consumer Discretionary,Automobile Manufacturers,"Austin, Texas",12/21/2020,1318605,2003
445,TXN.O,Texas Instruments,reports,Information Technology,Semiconductors,"Dallas, Texas",,97476,1930
446,TXT,Textron,reports,Industrials,Aerospace & Defense,"Providence, Rhode Island",12/31/1978,217346,1923
447,TMO,Thermo Fisher Scientific,reports,Health Care,Life Sciences Tools & Services,"Waltham, Massachusetts",8/3/2004,97745,2006 (1902)
448,TJX,TJX Companies,reports,Consumer Discretionary,Apparel Retail,"Framingham, Massachusetts",9/30/1985,109198,1987
449,TSCO.O,Tractor Supply,reports,Consumer Discretionary,Specialty Stores,"Brentwood, Tennessee",1/24/2014,916365,1938
450,TT,Trane Technologies,reports,Industrials,Building Products,"Dublin, Ireland",11/17/2010,1466258,1871
451,TDG,TransDigm Group,reports,Industrials,Aerospace & Defense,"Cleveland, Ohio",6/3/2016,1260221,1993
452,TRV,The Travelers Companies,reports,Financials,Property & Casualty Insurance,"New York City, New York",8/21/2002,86312,1853
453,TRMB.O,Trimble Inc.,reports,Information Technology,Electronic Equipment & Instruments,"Westminster, Colorado",1/21/2021,864749,1978
454,TFC,Truist,reports,Financials,Regional Banks,"Charlotte, North Carolina",12/4/1997,92230,1872
455,TYL,Tyler Technologies,reports,Information Technology,Application Software,"Plano, Texas",6/22/2020,860731,1966
456,TSN,Tyson Foods,reports,Consumer Staples,Packaged Foods & Meats,"Springdale, Arkansas",8/10/2005,100493,1935
457,USB,U.S. Bank,reports,Financials,Diversified Banks,"Minneapolis, Minnesota",,36104,1968
458,UDR,"UDR, Inc.",reports,Real Estate,Residential REITs,"Highlands Ranch, Colorado",3/7/2016,74208,1972
459,ULTA.O,Ulta Beauty,reports,Consumer Discretionary,Specialty Stores,"Bolingbrook, Illinois",4/18/2016,1403568,1990
460,UNP,Union Pacific Corporation,reports,Industrials,Railroads,"Omaha, Nebraska",3/4/1957,100885,1862
461,UAL.O,United Airlines Holdings,reports,Industrials,Airlines,"Chicago, Illinois",9/3/2015,100517,1967
462,UPS,United Parcel Service,reports,Industrials,Air Freight & Logistics,"Sandy Springs, Georgia",7/22/2002,1090727,1907
463,URI,United Rentals,reports,Industrials,Trading Companies & Distributors,"Stamford, Connecticut",9/20/2014,1067701,1997
464,UNH,UnitedHealth Group,reports,Health Care,Managed Health Care,"Minnetonka, Minnesota",7/1/1994,731766,1977
465,UHS,Universal Health Services,reports,Health Care,Health Care Facilities,"King of Prussia, Pennsylvania",9/20/2014,352915,1979
466,VLO,Valero Energy,reports,Energy,Oil & Gas Refining & Marketing,"San Antonio, Texas",,1035002,1980
467,VTR,Ventas,reports,Real Estate,Health Care REITs,"Chicago, Illinois",3/4/2009,740260,1998
468,VRSN.O,Verisign,reports,Information Technology,Internet Services & Infrastructure,"Dulles, Virginia",2/1/2006,1014473,1995
469,VRSK.O,Verisk,reports,Industrials,Research & Consulting Services,"Jersey City, New Jersey",10/8/2015,1442145,1971
470,VZ,Verizon,reports,Communication Services,Integrated Telecommunication Services,"New York City, New York",11/30/1983,732712,1983 (1877)
471,VRTX.O,Vertex Pharmaceuticals,reports,Health Care,Biotechnology,"Cambridge, Massachusetts",9/23/2013,875320,1989
472,VFC,VF Corporation,reports,Consumer Discretionary,"Apparel, Accessories & Luxury Goods","Denver, Colorado",6/30/1979,103379,1899
473,VTRS.O,Viatris,reports,Health Care,Pharmaceuticals,"Pittsburgh, Pennsylvania",4/23/2004,1792044,1961
474,VICI.K,Vici Properties,reports,Real Estate,Hotel & Resort REITs,"New York City, New York",6/8/2022,1705696,2017
475,V,Visa Inc.,reports,Information Technology,Data Processing & Outsourced Services,"San Francisco, California",12/21/2009,1403161,1958
476,VNO,Vornado Realty Trust,reports,Real Estate,Office REITs,"New York City, New York",2005,899689,1982
477,VMC,Vulcan Materials Company,reports,Materials,Construction Materials,"Birmingham, Alabama",6/30/1999,1396009,1909
478,WAB,Wabtec,reports,Industrials,Construction Machinery & Heavy Trucks,"Pittsburgh, Pennsylvania",2/27/2019,943452,1999 (1869)
479,WBA.O,Walgreens Boots Alliance,reports,Consumer Staples,Drug Retail,"Deerfield, Illinois",12/31/1979,1618921,2014
480,WMT,Walmart,reports,Consumer Staples,Hypermarkets & Super Centers,"Bentonville, Arkansas",8/31/1982,104169,1962
481,WBD.O,Warner Bros. Discovery,reports,Communication Services,Broadcasting,"New York City, New York",4/11/2022,1437107,2022
482,WM,Waste Management,reports,Industrials,Environmental & Facilities Services,"Houston, Texas",,823768,1968
483,WAT,Waters Corporation,reports,Health Care,Health Care Distributors,"Milford, Massachusetts",,1000697,1958
484,WEC,WEC Energy Group,reports,Utilities,Electric Utilities,"Milwaukee, Wisconsin",10/31/2008,783325,1896
485,WFC,Wells Fargo,reports,Financials,Diversified Banks,"San Francisco, California",6/30/1976,72971,1852
486,WELL.K,Welltower,reports,Real Estate,Health Care REITs,"Toledo, Ohio",1/30/2009,766704,1970
487,WST,West Pharmaceutical Services,reports,Health Care,Health Care Supplies,"Exton, Pennsylvania",5/22/2020,105770,1923
488,WDC.O,Western Digital,reports,Information Technology,"Technology Hardware, Storage & Peripherals","San Jose, California",7/1/2009,106040,1970
489,WRK,WestRock,reports,Materials,Paper Packaging,"Atlanta, Georgia",,1732845,2015
490,WY,Weyerhaeuser,reports,Real Estate,Specialized REITs,"Seattle, Washington",,106535,1900
491,WHR,Whirlpool Corporation,reports,Consumer Discretionary,Household Appliances,"Benton Harbor, Michigan",,106640,1911
492,WMB,Williams Companies,reports,Energy,Oil & Gas Storage & Transportation,"Tulsa, Oklahoma",3/31/1975,107263,1908
493,WTW.O,Willis Towers Watson,reports,Financials,Insurance Brokers,"London, United Kingdom",1/5/2016,1140536,2016
494,GWW,W. W. Grainger,reports,Industrials,Industrial Machinery,"Lake Forest, Illinois",6/30/1981,277135,1927
495,WYNN.O,Wynn Resorts,reports,Consumer Discretionary,Casinos & Gaming,"Paradise, Nevada",11/14/2008,1174922,2002
496,XEL.O,Xcel Energy,reports,Utilities,Multi-Utilities,"Minneapolis, Minnesota",3/4/1957,72903,1909
497,XYL,Xylem Inc.,reports,Industrials,Industrial Machinery,"White Plains, New York",11/1/2011,1524472,2011
498,YUM,Yum! Brands,reports,Consumer Discretionary,Restaurants,"Louisville, Kentucky",10/6/1997,1041061,1997
499,ZBRA.O,Zebra Technologies,reports,Information Technology,Electronic Equipment & Instruments,"Lincolnshire, Illinois",12/23/2019,877212,1969
500,ZBH,Zimmer Biomet,reports,Health Care,Health Care Equipment,"Warsaw, Indiana",8/7/2001,1136869,1927
501,ZION.O,Zions Bancorporation,reports,Financials,Regional Banks,"Salt Lake City, Utah",6/22/2001,109380,1873
502,ZTS,Zoetis,reports,Health Care,Pharmaceuticals,"Parsippany, New Jersey",6/21/2013,1555280,1952
